date,close,Market_Return,CPI_YoY,M2_YoY,Liquidity_Diff
2020-01-03,4144.965,-0.0017523067663942626,0.0,8.4,8.4
2020-01-06,4129.295,-0.0037804903057082617,0.0,8.4,8.4
2020-01-07,4160.227,0.007490867085059305,0.0,8.4,8.4
2020-01-08,4112.317,-0.011516198515129084,0.0,8.4,8.4
2020-01-09,4164.37,0.012657827691785473,0.0,8.4,8.4
2020-01-10,4163.185,-0.00028455684773431855,0.0,8.4,8.4
2020-01-13,4203.988,0.009800909640095279,0.0,8.4,8.4
2020-01-14,4189.886,-0.0033544339327323813,0.0,8.4,8.4
2020-01-15,4166.734,-0.005525687333736484,0.0,8.4,8.4
2020-01-16,4149.043,-0.004245771388334485,0.0,8.4,8.4
2020-01-17,4154.853,0.001400322917839203,0.0,8.4,8.4
2020-01-20,4185.83,0.007455618766777139,0.0,8.4,8.4
2020-01-21,4114.309,-0.01708645597169489,0.0,8.4,8.4
2020-01-22,4131.931,0.004283100758839309,0.0,8.4,8.4
2020-01-23,4003.901,-0.030985512584793873,0.0,8.4,8.4
2020-02-03,3688.358,-0.07880889162843929,1.4,8.8,7.4
2020-02-04,3785.638,0.026374880095695552,1.4,8.8,7.4
2020-02-05,3828.527,0.011329398109380717,1.4,8.8,7.4
2020-02-06,3899.775,0.018609768195444465,1.4,8.8,7.4
2020-02-07,3899.869,2.4103954715304354e-05,1.4,8.8,7.4
2020-02-10,3916.005,0.004137574877515204,1.4,8.8,7.4
2020-02-11,3952.464,0.00931025368966587,1.4,8.8,7.4
2020-02-12,3984.433,0.008088372215407924,1.4,8.8,7.4
2020-02-13,3959.919,-0.006152443773053795,1.4,8.8,7.4
2020-02-14,3987.734,0.0070241335744494204,1.4,8.8,7.4
2020-02-17,4077.424,0.02249147009304031,1.4,8.8,7.4
2020-02-18,4057.511,-0.004883720702090311,1.4,8.8,7.4
2020-02-19,4051.311,-0.0015280303614703117,1.4,8.8,7.4
2020-02-20,4144.656,0.023040689791526736,1.4,8.8,7.4
2020-02-21,4149.49,0.0011663211615149383,1.4,8.8,7.4
2020-02-24,4132.839,-0.00401278229372759,1.4,8.8,7.4
2020-02-25,4123.854,-0.002174050331987254,1.4,8.8,7.4
2020-02-26,4073.015,-0.012328031011767271,1.4,8.8,7.4
2020-02-27,4084.876,0.0029120933755462097,1.4,8.8,7.4
2020-02-28,3940.049,-0.03545444219114613,1.4,8.8,7.4
2020-03-02,4069.666,0.03289730660710055,0.8,10.1,9.299999999999999
2020-03-03,4091.362,0.00533115002557949,0.8,10.1,9.299999999999999
2020-03-04,4115.052,0.005790247844116303,0.8,10.1,9.299999999999999
2020-03-05,4206.725,0.0222774827632799,0.8,10.1,9.299999999999999
2020-03-06,4138.507,-0.016216415382512728,0.8,10.1,9.299999999999999
2020-03-09,3997.133,-0.034160628458523745,0.8,10.1,9.299999999999999
2020-03-10,4082.732,0.021415099272403593,0.8,10.1,9.299999999999999
2020-03-11,4028.429,-0.013300652602228125,0.8,10.1,9.299999999999999
2020-03-12,3950.911,-0.019242737057051262,0.8,10.1,9.299999999999999
2020-03-13,3895.313,-0.01407219752608957,0.8,10.1,9.299999999999999
2020-03-16,3727.84,-0.042993464196587006,0.8,10.1,9.299999999999999
2020-03-17,3709.682,-0.0048709172067471496,0.8,10.1,9.299999999999999
2020-03-18,3636.257,-0.01979280164714925,0.8,10.1,9.299999999999999
2020-03-19,3589.093,-0.012970480359336567,0.8,10.1,9.299999999999999
2020-03-20,3653.224,0.017868302660310142,0.8,10.1,9.299999999999999
2020-03-23,3530.306,-0.03364644489360635,0.8,10.1,9.299999999999999
2020-03-24,3625.115,0.02685574564924398,0.8,10.1,9.299999999999999
2020-03-25,3722.518,0.026868940709467326,0.8,10.1,9.299999999999999
2020-03-26,3698.047,-0.006573776137549947,0.8,10.1,9.299999999999999
2020-03-27,3710.061,0.0032487418358935205,0.8,10.1,9.299999999999999
2020-03-30,3674.111,-0.009689867632904248,0.8,10.1,9.299999999999999
2020-03-31,3686.155,0.0032780718927654107,0.8,10.1,9.299999999999999
2020-04-01,3675.076,-0.0030055708455016816,-1.2,11.1,12.299999999999999
2020-04-02,3734.531,0.01617789672921055,-1.2,11.1,12.299999999999999
2020-04-03,3713.218,-0.005707008457019103,-1.2,11.1,12.299999999999999
2020-04-07,3798.021,0.02283814201051504,-1.2,11.1,12.299999999999999
2020-04-08,3780.345,-0.00465400270298677,-1.2,11.1,12.299999999999999
2020-04-09,3792.811,0.003297582628040585,-1.2,11.1,12.299999999999999
2020-04-10,3769.178,-0.0062309985918096444,-1.2,11.1,12.299999999999999
2020-04-13,3753.257,-0.00422399791148087,-1.2,11.1,12.299999999999999
2020-04-14,3825.699,0.019301103015327836,-1.2,11.1,12.299999999999999
2020-04-15,3797.362,-0.007407012417861458,-1.2,11.1,12.299999999999999
2020-04-16,3802.381,0.0013217070166078315,-1.2,11.1,12.299999999999999
2020-04-17,3839.487,0.009758622294820052,-1.2,11.1,12.299999999999999
2020-04-20,3853.455,0.0036379860121937835,-1.2,11.1,12.299999999999999
2020-04-21,3808.047,-0.011783710981443929,-1.2,11.1,12.299999999999999
2020-04-22,3839.383,0.008228890032081937,-1.2,11.1,12.299999999999999
2020-04-23,3829.753,-0.0025082155127528205,-1.2,11.1,12.299999999999999
2020-04-24,3796.972,-0.008559559846287756,-1.2,11.1,12.299999999999999
2020-04-27,3822.769,0.006794098033906959,-1.2,11.1,12.299999999999999
2020-04-28,3849.147,0.006900233835735348,-1.2,11.1,12.299999999999999
2020-04-29,3867.032,0.004646484013211216,-1.2,11.1,12.299999999999999
2020-04-30,3912.577,0.011777766514474264,-1.2,11.1,12.299999999999999
2020-05-06,3936.254,0.006051510296155138,-0.9,11.1,12.0
2020-05-07,3924.895,-0.002885738572764862,-0.9,11.1,12.0
2020-05-08,3963.622,0.009867015550734548,-0.9,11.1,12.0
2020-05-11,3960.18,-0.000868397642358465,-0.9,11.1,12.0
2020-05-12,3960.238,1.4645798928292209e-05,-0.9,11.1,12.0
2020-05-13,3968.253,0.0020238682624631466,-0.9,11.1,12.0
2020-05-14,3925.218,-0.010844822646136842,-0.9,11.1,12.0
2020-05-15,3912.816,-0.0031595697359994013,-0.9,11.1,12.0
2020-05-18,3922.912,0.002580238886776165,-0.9,11.1,12.0
2020-05-19,3956.25,0.008498278829604189,-0.9,11.1,12.0
2020-05-20,3935.222,-0.005315134281200562,-0.9,11.1,12.0
2020-05-21,3913.795,-0.005444927884627582,-0.9,11.1,12.0
2020-05-22,3824.064,-0.022926852326194957,-0.9,11.1,12.0
2020-05-25,3829.325,0.0013757614935314688,-0.9,11.1,12.0
2020-05-26,3872.77,0.011345341541916687,-0.9,11.1,12.0
2020-05-27,3845.614,-0.007012035313225362,-0.9,11.1,12.0
2020-05-28,3856.632,0.002865082142929687,-0.9,11.1,12.0
2020-05-29,3867.023,0.0026943198106534894,-0.9,11.1,12.0
2020-06-01,3971.34,0.026976048500358063,-0.8,11.1,11.9
2020-06-02,3983.568,0.003079061475471878,-0.8,11.1,11.9
2020-06-03,3983.648,2.008249890539382e-05,-0.8,11.1,11.9
2020-06-04,3982.185,-0.0003672513234102004,-0.8,11.1,11.9
2020-06-05,4001.251,0.004787823770116217,-0.8,11.1,11.9
2020-06-08,4021.955,0.00517438171211948,-0.8,11.1,11.9
2020-06-09,4047.029,0.006234281586939616,-0.8,11.1,11.9
2020-06-10,4039.705,-0.0018097226385084264,-0.8,11.1,11.9
2020-06-11,3995.885,-0.010847326723114614,-0.8,11.1,11.9
2020-06-12,4003.083,0.0018013531420448814,-0.8,11.1,11.9
2020-06-15,3954.988,-0.012014489831962072,-0.8,11.1,11.9
2020-06-16,4014.57,0.015065026745972432,-0.8,11.1,11.9
2020-06-17,4017.594,0.0007532562640581997,-0.8,11.1,11.9
2020-06-18,4044.384,0.0066681700540174305,-0.8,11.1,11.9
2020-06-19,4098.71,0.01343245349600819,-0.8,11.1,11.9
2020-06-22,4102.046,0.0008139146219177107,-0.8,11.1,11.9
2020-06-23,4121.794,0.004814182971131897,-0.8,11.1,11.9
2020-06-24,4138.99,0.004171969778208107,-0.8,11.1,11.9
2020-06-29,4109.716,-0.007072739967963093,-0.8,11.1,11.9
2020-06-30,4163.964,0.013199938876554906,-0.8,11.1,11.9
2020-07-01,4247.784,0.020129857030464215,-0.1,10.7,10.799999999999999
2020-07-02,4335.845,0.020731044704721535,-0.1,10.7,10.799999999999999
2020-07-03,4419.596,0.01931595801971686,-0.1,10.7,10.799999999999999
2020-07-06,4670.095,0.056679162529787996,-0.1,10.7,10.799999999999999
2020-07-07,4698.126,0.00600223335927863,-0.1,10.7,10.799999999999999
2020-07-08,4774.004,0.01615069497923205,-0.1,10.7,10.799999999999999
2020-07-09,4840.771,0.013985534993267601,-0.1,10.7,10.799999999999999
2020-07-10,4753.133,-0.01810414084863754,-0.1,10.7,10.799999999999999
2020-07-13,4852.961,0.021002568200805705,-0.1,10.7,10.799999999999999
2020-07-14,4806.69,-0.009534591355669364,-0.1,10.7,10.799999999999999
2020-07-15,4744.469,-0.012944666704114427,-0.1,10.7,10.799999999999999
2020-07-16,4516.253,-0.048101484064918654,-0.1,10.7,10.799999999999999
2020-07-17,4544.701,0.006299027091706488,-0.1,10.7,10.799999999999999
2020-07-20,4680.305,0.02983782651487976,-0.1,10.7,10.799999999999999
2020-07-21,4691.043,0.0022942949230870813,-0.1,10.7,10.799999999999999
2020-07-22,4714.445,0.00498865604088472,-0.1,10.7,10.799999999999999
2020-07-23,4712.436,-0.0004261371168822192,-0.1,10.7,10.799999999999999
2020-07-24,4505.591,-0.043893434308709844,-0.1,10.7,10.799999999999999
2020-07-27,4528.45,0.005073474267859535,-0.1,10.7,10.799999999999999
2020-07-28,4568.258,0.008790645805960118,-0.1,10.7,10.799999999999999
2020-07-29,4679.008,0.024243376797019822,-0.1,10.7,10.799999999999999
2020-07-30,4656.151,-0.0048850098140460485,-0.1,10.7,10.799999999999999
2020-07-31,4695.046,0.008353466199872095,-0.1,10.7,10.799999999999999
2020-08-03,4771.311,0.016243717313951578,0.6,10.4,9.8
2020-08-04,4775.802,0.000941250738004662,0.6,10.4,9.8
2020-08-05,4777.109,0.0002736713121693768,0.6,10.4,9.8
2020-08-06,4762.764,-0.0030028621913379405,0.6,10.4,9.8
2020-08-07,4707.926,-0.011513902431445233,0.6,10.4,9.8
2020-08-10,4724.87,0.0035990370281944184,0.6,10.4,9.8
2020-08-11,4681.784,-0.009118981051330577,0.6,10.4,9.8
2020-08-12,4647.645,-0.007291878480510716,0.6,10.4,9.8
2020-08-13,4635.713,-0.0025673217296072748,0.6,10.4,9.8
2020-08-14,4704.629,0.014866321534573013,0.6,10.4,9.8
2020-08-17,4815.226,0.02350812359486798,0.6,10.4,9.8
2020-08-18,4812.756,-0.0005129561935409699,0.6,10.4,9.8
2020-08-19,4740.678,-0.014976450083902138,0.6,10.4,9.8
2020-08-20,4679.154,-0.012977890504269562,0.6,10.4,9.8
2020-08-21,4718.843,0.00848208885623336,0.6,10.4,9.8
2020-08-24,4755.849,0.007842176567434134,0.6,10.4,9.8
2020-08-25,4761.951,0.0012830516696387129,0.6,10.4,9.8
2020-08-26,4706.13,-0.01172229617650411,0.6,10.4,9.8
2020-08-27,4731.345,0.005357905540221086,0.6,10.4,9.8
2020-08-28,4844.265,0.02386636358160321,0.6,10.4,9.8
2020-08-31,4816.215,-0.0057903520967577116,0.6,10.4,9.8
2020-09-01,4842.122,0.005379120325816,0.4,10.9,10.5
2020-09-02,4843.887,0.0003645096096296374,0.4,10.9,10.5
2020-09-03,4817.095,-0.0055310951721209145,0.4,10.9,10.5
2020-09-04,4770.219,-0.009731176154923249,0.4,10.9,10.5
2020-09-07,4669.368,-0.021141796634494114,0.4,10.9,10.5
2020-09-08,4694.389,0.005358541027393748,0.4,10.9,10.5
2020-09-09,4584.589,-0.023389625359125588,0.4,10.9,10.5
2020-09-10,4581.978,-0.0005695167004065027,0.4,10.9,10.5
2020-09-11,4627.283,0.009887651141057496,0.4,10.9,10.5
2020-09-14,4651.051,0.005136491543741739,0.4,10.9,10.5
2020-09-15,4688.483,0.008048073435444891,0.4,10.9,10.5
2020-09-16,4657.358,-0.006638607839678623,0.4,10.9,10.5
2020-09-17,4632.714,-0.005291411997961126,0.4,10.9,10.5
2020-09-18,4737.089,0.02252998997995559,0.4,10.9,10.5
2020-09-21,4691.428,-0.0096390420361534,0.4,10.9,10.5
2020-09-22,4635.761,-0.01186568354027806,0.4,10.9,10.5
2020-09-23,4652.327,0.003573523311490856,0.4,10.9,10.5
2020-09-24,4563.066,-0.019186312570032227,0.4,10.9,10.5
2020-09-25,4570.022,0.0015244136289065402,0.4,10.9,10.5
2020-09-28,4581.909,0.0026010815702854906,0.4,10.9,10.5
2020-09-29,4591.799,0.0021584889616970138,0.4,10.9,10.5
2020-09-30,4587.395,-0.0009591012150138578,0.4,10.9,10.5
2020-10-09,4681.141,0.020435563102806586,0.2,10.5,10.3
2020-10-12,4823.158,0.030338116284042815,0.2,10.5,10.3
2020-10-13,4839.201,0.003326243925660277,0.2,10.5,10.3
2020-10-14,4807.102,-0.0066331198063481756,0.2,10.5,10.3
2020-10-15,4798.736,-0.001740341686113589,0.2,10.5,10.3
2020-10-16,4791.676,-0.0014712207547986633,0.2,10.5,10.3
2020-10-19,4755.488,-0.007552263550373639,0.2,10.5,10.3
2020-10-20,4793.467,0.0079863517687353,0.2,10.5,10.3
2020-10-21,4792.828,-0.00013330643561315636,0.2,10.5,10.3
2020-10-22,4777.985,-0.00309691897977582,0.2,10.5,10.3
2020-10-23,4718.488,-0.012452320381918236,0.2,10.5,10.3
2020-10-26,4691.236,-0.00577557895664893,0.2,10.5,10.3
2020-10-27,4699.279,0.0017144735417278234,0.2,10.5,10.3
2020-10-28,4737.272,0.00808485727278585,0.2,10.5,10.3
2020-10-29,4772.92,0.007525005952793151,0.2,10.5,10.3
2020-10-30,4695.334,-0.016255457874843948,0.2,10.5,10.3
2020-11-02,4720.831,0.005430284618729964,-0.3,10.7,11.0
2020-11-03,4777.561,0.012016952100170508,-0.3,10.7,11.0
2020-11-04,4813.656,0.007555110233024909,-0.3,10.7,11.0
2020-11-05,4885.112,0.01484443425122195,-0.3,10.7,11.0
2020-11-06,4885.718,0.00012405038001173097,-0.3,10.7,11.0
2020-11-09,4981.35,0.01957378628893447,-0.3,10.7,11.0
2020-11-10,4953.876,-0.005515372338823821,-0.3,10.7,11.0
2020-11-11,4904.898,-0.009886803787579668,-0.3,10.7,11.0
2020-11-12,4908.463,0.0007268244925786593,-0.3,10.7,11.0
2020-11-13,4856.851,-0.010514900489216328,-0.3,10.7,11.0
2020-11-16,4904.172,0.009743144271874948,-0.3,10.7,11.0
2020-11-17,4894.786,-0.0019138806713956402,-0.3,10.7,11.0
2020-11-18,4891.672,-0.0006361871591527013,-0.3,10.7,11.0
2020-11-19,4927.989,0.007424250849198399,-0.3,10.7,11.0
2020-11-20,4943.288,0.0031045117998436123,-0.3,10.7,11.0
2020-11-23,5005.027,0.0124894604562793,-0.3,10.7,11.0
2020-11-24,4974.286,-0.006142024808257762,-0.3,10.7,11.0
2020-11-25,4910.7,-0.012782940104368756,-0.3,10.7,11.0
2020-11-26,4919.591,0.0018105361761053818,-0.3,10.7,11.0
2020-11-27,4980.765,0.01243477354113387,-0.3,10.7,11.0
2020-11-30,4960.252,-0.004118443652732062,-0.3,10.7,11.0
2020-12-01,5067.098,0.02154043786485027,-0.6,10.1,10.7
2020-12-02,5067.145,9.2755261493771e-06,-0.6,10.1,10.7
2020-12-03,5057.06,-0.0019902726288669736,-0.6,10.1,10.7
2020-12-04,5065.916,0.0017512151329033276,-0.6,10.1,10.7
2020-12-07,5022.235,-0.00862252749552117,-0.6,10.1,10.7
2020-12-08,5009.879,-0.002460259227216488,-0.6,10.1,10.7
2020-12-09,4942.699,-0.01340950549903508,-0.6,10.1,10.7
2020-12-10,4940.525,-0.0004398406619541273,-0.6,10.1,10.7
2020-12-11,4889.629,-0.010301739187636882,-0.6,10.1,10.7
2020-12-14,4934.835,0.009245282208527605,-0.6,10.1,10.7
2020-12-15,4945.1,0.0020801100746024037,-0.6,10.1,10.7
2020-12-16,4953.867,0.0017728660694424914,-0.6,10.1,10.7
2020-12-17,5017.478,0.012840675779143718,-0.6,10.1,10.7
2020-12-18,4999.968,-0.0034898010514445854,-0.6,10.1,10.7
2020-12-21,5046.84,0.00937445999654396,-0.6,10.1,10.7
2020-12-22,4964.773,-0.01626106633061475,-0.6,10.1,10.7
2020-12-23,5007.124,0.008530299371189765,-0.6,10.1,10.7
2020-12-24,5000.015,-0.0014197771015855842,-0.6,10.1,10.7
2020-12-25,5042.014,0.008399774800675663,-0.6,10.1,10.7
2020-12-28,5064.415,0.0044428674731962214,-0.6,10.1,10.7
2020-12-29,5042.936,-0.004241161121274706,-0.6,10.1,10.7
2020-12-30,5113.711,0.014034483086836858,-0.6,10.1,10.7
2020-12-31,5211.289,0.019081641492841417,-0.6,10.1,10.7
2021-01-04,5267.718,0.010828223113321878,0.7,9.4,8.700000000000001
2021-01-05,5368.505,0.019132952827011662,0.7,9.4,8.700000000000001
2021-01-06,5417.668,0.009157670524661876,0.7,9.4,8.700000000000001
2021-01-07,5513.657,0.017717770819474454,0.7,9.4,8.700000000000001
2021-01-08,5495.431,-0.0033056100515502784,0.7,9.4,8.700000000000001
2021-01-11,5441.158,-0.009876022463024103,0.7,9.4,8.700000000000001
2021-01-12,5596.353,0.028522421146380816,0.7,9.4,8.700000000000001
2021-01-13,5577.971,-0.0032846391212277837,0.7,9.4,8.700000000000001
2021-01-14,5470.456,-0.019274929898344673,0.7,9.4,8.700000000000001
2021-01-15,5458.081,-0.0022621514550158484,0.7,9.4,8.700000000000001
2021-01-18,5518.521,0.011073489015644755,0.7,9.4,8.700000000000001
2021-01-19,5437.523,-0.014677483332943608,0.7,9.4,8.700000000000001
2021-01-20,5476.434,0.0071560157078875974,0.7,9.4,8.700000000000001
2021-01-21,5564.969,0.016166541950473512,0.7,9.4,8.700000000000001
2021-01-22,5569.776,0.0008637963661612957,0.7,9.4,8.700000000000001
2021-01-25,5625.923,0.01008065674454417,0.7,9.4,8.700000000000001
2021-01-26,5512.968,-0.020077594378735686,0.7,9.4,8.700000000000001
2021-01-27,5528.003,0.002727206107490554,0.7,9.4,8.700000000000001
2021-01-28,5377.143,-0.027290144379443992,0.7,9.4,8.700000000000001
2021-01-29,5351.965,-0.0046824122029114346,0.7,9.4,8.700000000000001
2021-02-01,5417.648,0.01227268862931652,1.0,10.1,9.1
2021-02-02,5501.092,0.015402255739021653,1.0,10.1,9.1
2021-02-03,5485.201,-0.0028886991891791114,1.0,10.1,9.1
2021-02-04,5473.948,-0.0020515200810324874,1.0,10.1,9.1
2021-02-05,5483.414,0.0017292820465228953,1.0,10.1,9.1
2021-02-08,5564.562,0.014798809646690891,1.0,10.1,9.1
2021-02-09,5686.25,0.02186838784436218,1.0,10.1,9.1
2021-02-10,5807.719,0.021361881732248955,1.0,10.1,9.1
2021-02-18,5768.381,-0.006773399332853369,1.0,10.1,9.1
2021-02-19,5778.842,0.0018135071175082729,1.0,10.1,9.1
2021-02-22,5597.333,-0.03140923389149586,1.0,10.1,9.1
2021-02-23,5579.668,-0.0031559673151481116,1.0,10.1,9.1
2021-02-24,5437.568,-0.02546746508932063,1.0,10.1,9.1
2021-02-25,5469.558,0.005883144817683261,1.0,10.1,9.1
2021-02-26,5336.761,-0.02427929276917795,1.0,10.1,9.1
2021-03-01,5418.784,0.015369434756399958,0.6,9.4,8.8
2021-03-02,5349.63,-0.012761903777674055,0.6,9.4,8.8
2021-03-03,5452.213,0.019175718694563804,0.6,9.4,8.8
2021-03-04,5280.706,-0.03145640128146121,0.6,9.4,8.8
2021-03-05,5262.796,-0.003391591957590534,0.6,9.4,8.8
2021-03-08,5080.025,-0.03472887795764845,0.6,9.4,8.8
2021-03-09,4970.999,-0.021461705404993037,0.6,9.4,8.8
2021-03-10,5003.612,0.0065606531001112245,0.6,9.4,8.8
2021-03-11,5128.216,0.02490281020990448,0.6,9.4,8.8
2021-03-12,5146.379,0.003541777491431697,0.6,9.4,8.8
2021-03-15,5035.544,-0.021536501683999565,0.6,9.4,8.8
2021-03-16,5079.362,0.008701741063130486,0.6,9.4,8.8
2021-03-17,5100.858,0.004232027565666652,0.6,9.4,8.8
2021-03-18,5141.768,0.008020219343490842,0.6,9.4,8.8
2021-03-19,5007.091,-0.026192741485030036,0.6,9.4,8.8
2021-03-22,5057.152,0.009998020806891494,0.6,9.4,8.8
2021-03-23,5009.246,-0.009472920726922962,0.6,9.4,8.8
2021-03-24,4928.685,-0.016082460314386537,0.6,9.4,8.8
2021-03-25,4926.347,-0.0004743658805544948,0.6,9.4,8.8
2021-03-26,5037.99,0.022662431209169887,0.6,9.4,8.8
2021-03-29,5046.877,0.0017639971496570261,0.6,9.4,8.8
2021-03-30,5094.729,0.0094815070785359,0.6,9.4,8.8
2021-03-31,5048.361,-0.009101171033827349,0.6,9.4,8.8
2021-04-01,5110.777,0.012363616627257823,-0.5,8.1,8.6
2021-04-02,5161.557,0.00993586689460324,-0.5,8.1,8.6
2021-04-06,5140.342,-0.004110193881419866,-0.5,8.1,8.6
2021-04-07,5103.743,-0.007119954275415785,-0.5,8.1,8.6
2021-04-08,5112.209,0.0016587825836840153,-0.5,8.1,8.6
2021-04-09,5035.337,-0.015036943912112966,-0.5,8.1,8.6
2021-04-12,4947.746,-0.017395260734286544,-0.5,8.1,8.6
2021-04-13,4939.644,-0.0016375133242489959,-0.5,8.1,8.6
2021-04-14,4980.628,0.008296954193459882,-0.5,8.1,8.6
2021-04-15,4948.974,-0.006355423452624742,-0.5,8.1,8.6
2021-04-16,4966.181,0.003476882279033866,-0.5,8.1,8.6
2021-04-19,5087.017,0.024331775261513977,-0.5,8.1,8.6
2021-04-20,5083.365,-0.0007179059948099198,-0.5,8.1,8.6
2021-04-21,5098.745,0.0030255549227726775,-0.5,8.1,8.6
2021-04-22,5089.244,-0.0018633997189504425,-0.5,8.1,8.6
2021-04-23,5135.453,0.00907973757988434,-0.5,8.1,8.6
2021-04-26,5077.237,-0.011336098295515629,-0.5,8.1,8.6
2021-04-27,5090.52,0.002616186717303126,-0.5,8.1,8.6
2021-04-28,5119.242,0.005642252657881652,-0.5,8.1,8.6
2021-04-29,5164.169,0.008776103962266246,-0.5,8.1,8.6
2021-04-30,5123.489,-0.007877356453671491,-0.5,8.1,8.6
2021-05-06,5061.124,-0.012172369258526716,-0.3,8.3,8.600000000000001
2021-05-07,4996.053,-0.012857025435456637,-0.3,8.3,8.600000000000001
2021-05-10,4992.422,-0.0007267737151708253,-0.3,8.3,8.600000000000001
2021-05-11,5023.06,0.006136901087288038,-0.3,8.3,8.600000000000001
2021-05-12,5044.548,0.004277870461431688,-0.3,8.3,8.600000000000001
2021-05-13,4992.974,-0.010223710826024357,-0.3,8.3,8.600000000000001
2021-05-14,5110.59,0.023556301314607175,-0.3,8.3,8.600000000000001
2021-05-17,5184.985,0.014557027662168043,-0.3,8.3,8.600000000000001
2021-05-18,5187.601,0.0005045337643214687,-0.3,8.3,8.600000000000001
2021-05-19,5172.272,-0.0029549304196678783,-0.3,8.3,8.600000000000001
2021-05-20,5186.412,0.002733808276131011,-0.3,8.3,8.600000000000001
2021-05-21,5134.148,-0.01007710147207741,-0.3,8.3,8.600000000000001
2021-05-24,5155.588,0.00417596064624548,-0.3,8.3,8.600000000000001
2021-05-25,5318.478,0.031594844273824974,-0.3,8.3,8.600000000000001
2021-05-26,5320.593,0.00039767016052327797,-0.3,8.3,8.600000000000001
2021-05-27,5338.233,0.003315419916539497,-0.3,8.3,8.600000000000001
2021-05-28,5321.089,-0.003211549589536511,-0.3,8.3,8.600000000000001
2021-05-31,5331.57,0.001969709583883983,-0.3,8.3,8.600000000000001
2021-06-01,5341.68,0.0018962519483005646,-0.2,8.6,8.799999999999999
2021-06-02,5289.974,-0.009679726228452479,-0.2,8.6,8.799999999999999
2021-06-03,5255.286,-0.0065573101115431465,-0.2,8.6,8.799999999999999
2021-06-04,5282.277,0.005135971667383998,-0.2,8.6,8.799999999999999
2021-06-07,5277.627,-0.00088030218786328,-0.2,8.6,8.799999999999999
2021-06-08,5232.117,-0.008623193719450084,-0.2,8.6,8.799999999999999
2021-06-09,5236.449,0.0008279631361454154,-0.2,8.6,8.799999999999999
2021-06-10,5271.466,0.0066871652908298,-0.2,8.6,8.799999999999999
2021-06-11,5224.703,-0.008870966824029547,-0.2,8.6,8.799999999999999
2021-06-15,5166.56,-0.011128479456152807,-0.2,8.6,8.799999999999999
2021-06-16,5080.491,-0.01665886005388506,-0.2,8.6,8.799999999999999
2021-06-17,5101.892,0.004212388133351563,-0.2,8.6,8.799999999999999
2021-06-18,5102.466,0.00011250728161238399,-0.2,8.6,8.799999999999999
2021-06-21,5090.385,-0.002367678687128949,-0.2,8.6,8.799999999999999
2021-06-22,5122.158,0.006241767567679135,-0.2,8.6,8.799999999999999
2021-06-23,5147.394,0.004926829668276511,-0.2,8.6,8.799999999999999
2021-06-24,5155.974,0.0016668628824605403,-0.2,8.6,8.799999999999999
2021-06-25,5239.968,0.01629061744686844,-0.2,8.6,8.799999999999999
2021-06-28,5251.76,0.0022503954222621303,-0.2,8.6,8.799999999999999
2021-06-29,5190.545,-0.011656092433774634,-0.2,8.6,8.799999999999999
2021-06-30,5224.041,0.006453272247904707,-0.2,8.6,8.799999999999999
2021-07-01,5229.664,0.0010763698064391036,-0.4,8.3,8.700000000000001
2021-07-02,5081.117,-0.02840469292099823,-0.4,8.3,8.700000000000001
2021-07-05,5085.792,0.0009200732830989544,-0.4,8.3,8.700000000000001
2021-07-06,5083.104,-0.0005285312494101024,-0.4,8.3,8.700000000000001
2021-07-07,5140.49,0.011289558505983566,-0.4,8.3,8.700000000000001
2021-07-08,5088.257,-0.010161093592245152,-0.4,8.3,8.700000000000001
2021-07-09,5069.436,-0.0036989090763300814,-0.4,8.3,8.700000000000001
2021-07-12,5132.709,0.012481270105787035,-0.4,8.3,8.700000000000001
2021-07-13,5142.099,0.0018294432822900664,-0.4,8.3,8.700000000000001
2021-07-14,5083.085,-0.011476636291911202,-0.4,8.3,8.700000000000001
2021-07-15,5151.463,0.013452067002617474,-0.4,8.3,8.700000000000001
2021-07-16,5094.773,-0.011004640817569578,-0.4,8.3,8.700000000000001
2021-07-19,5113.495,0.0036747466472009105,-0.4,8.3,8.700000000000001
2021-07-20,5108.994,-0.000880219888745426,-0.4,8.3,8.700000000000001
2021-07-21,5144.043,0.006860254680275624,-0.4,8.3,8.700000000000001
2021-07-22,5151.752,0.0014986266638907786,-0.4,8.3,8.700000000000001
2021-07-23,5089.228,-0.012136453773396005,-0.4,8.3,8.700000000000001
2021-07-26,4925.299,-0.032210975810083586,-0.4,8.3,8.700000000000001
2021-07-27,4751.313,-0.03532496199723101,-0.4,8.3,8.700000000000001
2021-07-28,4760.483,0.0019299928251412801,-0.4,8.3,8.700000000000001
2021-07-29,4850.275,0.018861951612892947,-0.4,8.3,8.700000000000001
2021-07-30,4811.17,-0.008062429449876451,-0.4,8.3,8.700000000000001
2021-08-02,4933.736,0.025475300186856842,0.3,8.2,7.8999999999999995
2021-08-03,4934.458,0.00014633940689168234,0.3,8.2,7.8999999999999995
2021-08-04,4978.848,0.008995922145856872,0.3,8.2,7.8999999999999995
2021-08-05,4948.67,-0.006061241475939783,0.3,8.2,7.8999999999999995
2021-08-06,4921.565,-0.005477229235330006,0.3,8.2,7.8999999999999995
2021-08-09,4985.563,0.013003587273560546,0.3,8.2,7.8999999999999995
2021-08-10,5043.148,0.011550350481981608,0.3,8.2,7.8999999999999995
2021-08-11,5015.341,-0.005513817956562028,0.3,8.2,7.8999999999999995
2021-08-12,4973.351,-0.00837231207210054,0.3,8.2,7.8999999999999995
2021-08-13,4945.983,-0.00550292951372211,0.3,8.2,7.8999999999999995
2021-08-16,4941.068,-0.0009937357245263234,0.3,8.2,7.8999999999999995
2021-08-17,4837.403,-0.020980281995714334,0.3,8.2,7.8999999999999995
2021-08-18,4894.238,0.011749072797945459,0.3,8.2,7.8999999999999995
2021-08-19,4862.139,-0.006558528620798643,0.3,8.2,7.8999999999999995
2021-08-20,4769.268,-0.019100852526017897,0.3,8.2,7.8999999999999995
2021-08-23,4835.878,0.013966503874389025,0.3,8.2,7.8999999999999995
2021-08-24,4888.39,0.010858834734871481,0.3,8.2,7.8999999999999995
2021-08-25,4898.157,0.001997999341296408,0.3,8.2,7.8999999999999995
2021-08-26,4801.609,-0.019711087251796933,0.3,8.2,7.8999999999999995
2021-08-27,4827.043,0.0052969744100361815,0.3,8.2,7.8999999999999995
2021-08-30,4813.27,-0.0028532996287787826,0.3,8.2,7.8999999999999995
2021-08-31,4805.61,-0.0015914336822993036,0.3,8.2,7.8999999999999995
2021-09-01,4869.459,0.013286346582431774,0.1,8.3,8.200000000000001
2021-09-02,4869.411,-9.85735787073505e-06,0.1,8.3,8.200000000000001
2021-09-03,4843.062,-0.00541112672559374,0.1,8.3,8.200000000000001
2021-09-06,4933.726,0.018720388052021475,0.1,8.3,8.200000000000001
2021-09-07,4992.829,0.011979384343597577,0.1,8.3,8.200000000000001
2021-09-08,4972.132,-0.004145345254163546,0.1,8.3,8.200000000000001
2021-09-09,4970.013,-0.0004261753308237859,0.1,8.3,8.200000000000001
2021-09-10,5013.522,0.008754303057155077,0.1,8.3,8.200000000000001
2021-09-13,4991.66,-0.004360607173958808,0.1,8.3,8.200000000000001
2021-09-14,4917.162,-0.014924494056085424,0.1,8.3,8.200000000000001
2021-09-15,4867.319,-0.010136538108770798,0.1,8.3,8.200000000000001
2021-09-16,4807.698,-0.012249248508265032,0.1,8.3,8.200000000000001
2021-09-17,4855.94,0.010034324119360116,0.1,8.3,8.200000000000001
2021-09-22,4821.768,-0.0070371544953190535,0.1,8.3,8.200000000000001
2021-09-23,4853.196,0.006517941136944039,0.1,8.3,8.200000000000001
2021-09-24,4849.428,-0.0007763955958094426,0.1,8.3,8.200000000000001
2021-09-27,4877.37,0.00576191666316106,0.1,8.3,8.200000000000001
2021-09-28,4883.828,0.0013240742449311949,0.1,8.3,8.200000000000001
2021-09-29,4833.928,-0.01021739504339636,0.1,8.3,8.200000000000001
2021-09-30,4866.383,0.006714001532501124,0.1,8.3,8.200000000000001
2021-10-08,4929.941,0.01306062428707322,0.0,8.7,8.7
2021-10-11,4936.192,0.0012679664929053924,0.0,8.7,8.7
2021-10-12,4883.837,-0.010606354047816513,0.0,8.7,8.7
2021-10-13,4940.109,0.011522088063135483,0.0,8.7,8.7
2021-10-14,4913.612,-0.0053636468345131805,0.0,8.7,8.7
2021-10-15,4932.108,0.0037642369808605913,0.0,8.7,8.7
2021-10-18,4874.775,-0.01162444131393725,0.0,8.7,8.7
2021-10-19,4922.723,0.009835941146001614,0.0,8.7,8.7
2021-10-20,4910.185,-0.00254696435285906,0.0,8.7,8.7
2021-10-21,4928.016,0.0036314314022789507,0.0,8.7,8.7
2021-10-22,4959.725,0.006434435277807626,0.0,8.7,8.7
2021-10-25,4979.524,0.0039919551991289826,0.0,8.7,8.7
2021-10-26,4963.098,-0.003298708872574996,0.0,8.7,8.7
2021-10-27,4898.164,-0.01308336043334224,0.0,8.7,8.7
2021-10-28,4864.138,-0.00694668451280922,0.0,8.7,8.7
2021-10-29,4908.77,0.009175726511049032,0.0,8.7,8.7
2021-11-01,4890.685,-0.003684222320459063,0.7,8.5,7.8
2021-11-02,4839.846,-0.010395067357640286,0.7,8.5,7.8
2021-11-03,4821.112,-0.0038707843183438673,0.7,8.5,7.8
2021-11-04,4868.742,0.009879463493069673,0.7,8.5,7.8
2021-11-05,4842.346,-0.005421523670796402,0.7,8.5,7.8
2021-11-08,4848.18,0.0012047879271743778,0.7,8.5,7.8
2021-11-09,4846.744,-0.0002961936231742346,0.7,8.5,7.8
2021-11-10,4821.193,-0.0052717865849731815,0.7,8.5,7.8
2021-11-11,4898.653,0.016066562778134008,0.7,8.5,7.8
2021-11-12,4888.375,-0.002098127791456239,0.7,8.5,7.8
2021-11-15,4882.378,-0.001226788043061422,0.7,8.5,7.8
2021-11-16,4883.321,0.00019314358699795697,0.7,8.5,7.8
2021-11-17,4885.754,0.0004982265142923215,0.7,8.5,7.8
2021-11-18,4837.619,-0.009852112898029675,0.7,8.5,7.8
2021-11-19,4890.058,0.01083983670479216,0.7,8.5,7.8
2021-11-22,4912.399,0.004568657467866499,0.7,8.5,7.8
2021-11-23,4913.346,0.00019277750036161834,0.7,8.5,7.8
2021-11-24,4916.658,0.0006740823870332591,0.7,8.5,7.8
2021-11-25,4896.442,-0.004111736061365279,0.7,8.5,7.8
2021-11-26,4860.127,-0.007416609856708112,0.7,8.5,7.8
2021-11-29,4851.423,-0.0017908997028268647,0.7,8.5,7.8
2021-11-30,4832.026,-0.0039982083607221774,0.7,8.5,7.8
2021-12-01,4843.851,0.0024472136532378563,0.4,9.0,8.6
2021-12-02,4856.163,0.0025417792578672493,0.4,9.0,8.6
2021-12-03,4901.018,0.009236716312858606,0.4,9.0,8.6
2021-12-06,4892.621,-0.0017133175189317784,0.4,9.0,8.6
2021-12-07,4922.102,0.006025604681008323,0.4,9.0,8.6
2021-12-08,4995.93,0.014999282826727356,0.4,9.0,8.6
2021-12-09,5078.69,0.016565484304223554,0.4,9.0,8.6
2021-12-10,5055.117,-0.0046415512661728275,0.4,9.0,8.6
2021-12-13,5083.801,0.005674250467397668,0.4,9.0,8.6
2021-12-14,5049.695,-0.006708759843274903,0.4,9.0,8.6
2021-12-15,5005.899,-0.008672999062319442,0.4,9.0,8.6
2021-12-16,5034.732,0.005759804582553318,0.4,9.0,8.6
2021-12-17,4954.76,-0.015884062945157762,0.4,9.0,8.6
2021-12-20,4880.418,-0.0150041576181289,0.4,9.0,8.6
2021-12-21,4913.485,0.006775444234489836,0.4,9.0,8.6
2021-12-22,4914.454,0.00019721236556136112,0.4,9.0,8.6
2021-12-23,4948.739,0.006976359937441723,0.4,9.0,8.6
2021-12-24,4921.345,-0.005535551581928089,0.4,9.0,8.6
2021-12-27,4919.324,-0.0004106600939378646,0.4,9.0,8.6
2021-12-28,4955.964,0.007448177839068926,0.4,9.0,8.6
2021-12-29,4883.48,-0.01462561067836654,0.4,9.0,8.6
2021-12-30,4921.511,0.007787684192420263,0.4,9.0,8.6
2021-12-31,4940.373,0.0038325628043907045,0.4,9.0,8.6
2022-01-04,4917.765,-0.004576172689794711,-0.3,9.8,10.100000000000001
2022-01-05,4868.12,-0.010095033007880727,-0.3,9.8,10.100000000000001
2022-01-06,4818.232,-0.010247898572754988,-0.3,9.8,10.100000000000001
2022-01-07,4822.369,0.0008586136989667814,-0.3,9.8,10.100000000000001
2022-01-10,4844.045,0.004494886227080608,-0.3,9.8,10.100000000000001
2022-01-11,4797.774,-0.009552140824455546,-0.3,9.8,10.100000000000001
2022-01-12,4845.579,0.009963995803053516,-0.3,9.8,10.100000000000001
2022-01-13,4765.919,-0.016439727842637586,-0.3,9.8,10.100000000000001
2022-01-14,4726.732,-0.008222338650740846,-0.3,9.8,10.100000000000001
2022-01-17,4767.276,0.008577596529695253,-0.3,9.8,10.100000000000001
2022-01-18,4813.347,0.00966400938397527,-0.3,9.8,10.100000000000001
2022-01-19,4780.378,-0.006849495787442761,-0.3,9.8,10.100000000000001
2022-01-20,4823.509,0.009022508261899098,-0.3,9.8,10.100000000000001
2022-01-21,4779.314,-0.009162416821446695,-0.3,9.8,10.100000000000001
2022-01-24,4786.738,0.0015533610053659608,-0.3,9.8,10.100000000000001
2022-01-25,4678.451,-0.022622295183066243,-0.3,9.8,10.100000000000001
2022-01-26,4712.311,0.007237438203371083,-0.3,9.8,10.100000000000001
2022-01-27,4619.877,-0.019615428608171115,-0.3,9.8,10.100000000000001
2022-01-28,4563.772,-0.012144262715219623,-0.3,9.8,10.100000000000001
2022-02-07,4634.09,0.015407868754179654,0.4,9.2,8.799999999999999
2022-02-08,4608.773,-0.005463208526377383,0.4,9.2,8.799999999999999
2022-02-09,4652.061,0.009392521610415594,0.4,9.2,8.799999999999999
2022-02-10,4639.863,-0.002622063640180028,0.4,9.2,8.799999999999999
2022-02-11,4601.395,-0.0082907620332755,0.4,9.2,8.799999999999999
2022-02-14,4551.688,-0.010802593561300533,0.4,9.2,8.799999999999999
2022-02-15,4600.103,0.01063671323693538,0.4,9.2,8.799999999999999
2022-02-16,4617.989,0.0038881738082821027,0.4,9.2,8.799999999999999
2022-02-17,4629.165,0.002420101043982603,0.4,9.2,8.799999999999999
2022-02-18,4651.236,0.004767814497862899,0.4,9.2,8.799999999999999
2022-02-21,4634.314,-0.0036381727351610937,0.4,9.2,8.799999999999999
2022-02-22,4574.153,-0.012981640864214272,0.4,9.2,8.799999999999999
2022-02-23,4623.047,0.010689192075560072,0.4,9.2,8.799999999999999
2022-02-24,4529.319,-0.02027407465249631,0.4,9.2,8.799999999999999
2022-02-25,4573.425,0.009737887748688001,0.4,9.2,8.799999999999999
2022-02-28,4581.646,0.0017975587224015044,0.4,9.2,8.799999999999999
2022-03-01,4619.686,0.008302692962310898,0.6,9.7,9.1
2022-03-02,4578.601,-0.00889346159024662,0.6,9.7,9.1
2022-03-03,4551.628,-0.005891100796946436,0.6,9.7,9.1
2022-03-04,4496.43,-0.012127089472162345,0.6,9.7,9.1
2022-03-07,4352.778,-0.03194801208959108,0.6,9.7,9.1
2022-03-08,4265.391,-0.020076144476010582,0.6,9.7,9.1
2022-03-09,4226.346,-0.009153908750686668,0.6,9.7,9.1
2022-03-10,4292.837,0.015732502734040477,0.6,9.7,9.1
2022-03-11,4306.522,0.0031878685354229663,0.6,9.7,9.1
2022-03-14,4174.758,-0.03059638381041596,0.6,9.7,9.1
2022-03-15,3983.812,-0.04573822003574812,0.6,9.7,9.1
2022-03-16,4156.081,0.04324225139138105,0.6,9.7,9.1
2022-03-17,4237.696,0.01963749022215877,0.6,9.7,9.1
2022-03-18,4265.902,0.006655975322439334,0.6,9.7,9.1
2022-03-21,4258.746,-0.0016774881373271544,0.6,9.7,9.1
2022-03-22,4255.295,-0.0008103324311898863,0.6,9.7,9.1
2022-03-23,4276.517,0.004987198302350393,0.6,9.7,9.1
2022-03-24,4251.306,-0.005895218001004121,0.6,9.7,9.1
2022-03-25,4174.574,-0.018049041870898064,0.6,9.7,9.1
2022-03-28,4148.466,-0.006254051311582742,0.6,9.7,9.1
2022-03-29,4134.144,-0.0034523604628795557,0.6,9.7,9.1
2022-03-30,4254.099,0.029015680150473733,0.6,9.7,9.1
2022-03-31,4222.597,-0.00740509329942729,0.6,9.7,9.1
2022-04-01,4276.158,0.012684374094899642,0.0,10.5,10.5
2022-04-06,4263.841,-0.002880389358859037,0.0,10.5,10.5
2022-04-07,4209.1,-0.012838424322107689,0.0,10.5,10.5
2022-04-08,4230.767,0.005147656268560841,0.0,10.5,10.5
2022-04-11,4100.07,-0.030892034470345497,0.0,10.5,10.5
2022-04-12,4179.973,0.019488203859934217,0.0,10.5,10.5
2022-04-13,4139.737,-0.009625899497436863,0.0,10.5,10.5
2022-04-14,4191.568,0.012520360592955582,0.0,10.5,10.5
2022-04-15,4188.747,-0.000673017830081668,0.0,10.5,10.5
2022-04-18,4166.384,-0.005338828055263423,0.0,10.5,10.5
2022-04-19,4134.902,-0.007556192612106827,0.0,10.5,10.5
2022-04-20,4070.789,-0.015505325156436545,0.0,10.5,10.5
2022-04-21,3995.83,-0.01841387504977543,0.0,10.5,10.5
2022-04-22,4013.25,0.00435954482548051,0.0,10.5,10.5
2022-04-25,3814.913,-0.049420544446520887,0.0,10.5,10.5
2022-04-26,3784.12,-0.008071743706868362,0.0,10.5,10.5
2022-04-27,3895.536,0.02944304091836414,0.0,10.5,10.5
2022-04-28,3921.107,0.0065641801282287915,0.0,10.5,10.5
2022-04-29,4016.241,0.02426202600439109,0.0,10.5,10.5
2022-05-05,4010.21,-0.0015016529137569234,0.4,11.1,10.7
2022-05-06,3908.815,-0.025284212048745536,0.4,11.1,10.7
2022-05-09,3877.436,-0.00802775265649558,0.4,11.1,10.7
2022-05-10,3919.868,0.010943314086937717,0.4,11.1,10.7
2022-05-11,3976.423,0.014427781751834567,0.4,11.1,10.7
2022-05-12,3958.74,-0.004446961502838076,0.4,11.1,10.7
2022-05-13,3988.6,0.007542804023502381,0.4,11.1,10.7
2022-05-16,3956.538,-0.008038409466980867,0.4,11.1,10.7
2022-05-17,4005.893,0.012474289391382065,0.4,11.1,10.7
2022-05-18,3991.907,-0.0034913563592436914,0.4,11.1,10.7
2022-05-19,3999.598,0.0019266480907496053,0.4,11.1,10.7
2022-05-20,4077.6,0.01950245999722977,0.4,11.1,10.7
2022-05-23,4053.982,-0.0057921326270354845,0.4,11.1,10.7
2022-05-24,3959.154,-0.023391322408436888,0.4,11.1,10.7
2022-05-25,3983.178,0.006067963004217525,0.4,11.1,10.7
2022-05-26,3993.045,0.0024771677288839555,0.4,11.1,10.7
2022-05-27,4001.299,0.0020670941599705284,0.4,11.1,10.7
2022-05-30,4029.018,0.006927500294279465,0.4,11.1,10.7
2022-05-31,4091.518,0.015512464823934868,0.4,11.1,10.7
2022-06-01,4083.177,-0.002038607675684201,-0.2,11.4,11.6
2022-06-02,4089.568,0.001565202782049413,-0.2,11.4,11.6
2022-06-06,4166.085,0.018710289204140862,-0.2,11.4,11.6
2022-06-07,4179.129,0.0031309970871933324,-0.2,11.4,11.6
2022-06-08,4219.812,0.009734803591848973,-0.2,11.4,11.6
2022-06-09,4175.675,-0.01045947070627784,-0.2,11.4,11.6
2022-06-10,4238.994,0.015163775916468447,-0.2,11.4,11.6
2022-06-13,4189.353,-0.011710561515302809,-0.2,11.4,11.6
2022-06-14,4222.311,0.00786708591994989,-0.2,11.4,11.6
2022-06-15,4278.218,0.013240853172587386,-0.2,11.4,11.6
2022-06-16,4250.061,-0.00658147855018143,-0.2,11.4,11.6
2022-06-17,4309.044,0.013878153748852151,-0.2,11.4,11.6
2022-06-20,4330.433,0.004963746018838533,-0.2,11.4,11.6
2022-06-21,4325.566,-0.0011239060851421234,-0.2,11.4,11.6
2022-06-22,4270.623,-0.01270192155200045,-0.2,11.4,11.6
2022-06-23,4343.878,0.0171532350198087,-0.2,11.4,11.6
2022-06-24,4394.772,0.011716259066207657,-0.2,11.4,11.6
2022-06-27,4444.264,0.011261562602109976,-0.2,11.4,11.6
2022-06-28,4490.517,0.010407347538309963,-0.2,11.4,11.6
2022-06-29,4421.357,-0.015401344655860294,-0.2,11.4,11.6
2022-06-30,4485.011,0.014396937410844801,-0.2,11.4,11.6
2022-07-01,4466.718,-0.004078696796953385,0.0,12.0,12.0
2022-07-04,4496.03,0.006562312642078627,0.0,12.0,12.0
2022-07-05,4489.538,-0.001443940543101374,0.0,12.0,12.0
2022-07-06,4423.97,-0.014604620787261213,0.0,12.0,12.0
2022-07-07,4443.474,0.00440870982398156,0.0,12.0,12.0
2022-07-08,4428.781,-0.003306647006373842,0.0,12.0,12.0
2022-07-11,4354.617,-0.016745917217401263,0.0,12.0,12.0
2022-07-12,4313.618,-0.009415064516580807,0.0,12.0,12.0
2022-07-13,4321.462,0.001818427130079625,0.0,12.0,12.0
2022-07-14,4322.074,0.00014161873921358925,0.0,12.0,12.0
2022-07-15,4248.527,-0.0170165989753992,0.0,12.0,12.0
2022-07-18,4292.586,0.010370417794214326,0.0,12.0,12.0
2022-07-19,4269.34,-0.005415383640537397,0.0,12.0,12.0
2022-07-20,4283.803,0.0033876430548982484,0.0,12.0,12.0
2022-07-21,4236.058,-0.011145470508331035,0.0,12.0,12.0
2022-07-22,4238.234,0.0005136851289573308,0.0,12.0,12.0
2022-07-25,4212.644,-0.0060378921975521305,0.0,12.0,12.0
2022-07-26,4245.976,0.007912370473270425,0.0,12.0,12.0
2022-07-27,4225.036,-0.004931728299924387,0.0,12.0,12.0
2022-07-28,4225.673,0.0001507679461192346,0.0,12.0,12.0
2022-07-29,4170.102,-0.013150804617394707,0.0,12.0,12.0
2022-08-01,4188.678,0.0044545672983538065,0.5,12.2,11.7
2022-08-02,4107.024,-0.019493978768480025,0.5,12.2,11.7
2022-08-03,4066.975,-0.009751343064954177,0.5,12.2,11.7
2022-08-04,4101.537,0.008498208127662554,0.5,12.2,11.7
2022-08-05,4156.911,0.013500792507784132,0.5,12.2,11.7
2022-08-08,4148.075,-0.00212561683423107,0.5,12.2,11.7
2022-08-09,4156.291,0.0019806777842734657,0.5,12.2,11.7
2022-08-10,4109.737,-0.0112008519134007,0.5,12.2,11.7
2022-08-11,4193.543,0.020392059151230324,0.5,12.2,11.7
2022-08-12,4191.152,-0.000570162270900676,0.5,12.2,11.7
2022-08-15,4185.679,-0.0013058462208004329,0.5,12.2,11.7
2022-08-16,4177.837,-0.001873531152293273,0.5,12.2,11.7
2022-08-17,4216.959,0.00936417576846571,0.5,12.2,11.7
2022-08-18,4180.1,-0.008740658849184846,0.5,12.2,11.7
2022-08-19,4151.074,-0.006943853017870594,0.5,12.2,11.7
2022-08-22,4181.397,0.007304856526286985,0.5,12.2,11.7
2022-08-23,4161.082,-0.0048584241104108195,0.5,12.2,11.7
2022-08-24,4082.42,-0.018904217701069204,0.5,12.2,11.7
2022-08-25,4116.24,0.008284301958152218,0.5,12.2,11.7
2022-08-26,4107.546,-0.002112121742172346,0.5,12.2,11.7
2022-08-29,4089.521,-0.004388264915353379,0.5,12.2,11.7
2022-08-30,4075.794,-0.0033566278300075636,0.5,12.2,11.7
2022-08-31,4078.84,0.0007473390460852603,0.5,12.2,11.7
2022-09-01,4043.74,-0.008605387806337239,-0.1,12.1,12.2
2022-09-02,4023.613,-0.004977322973287124,-0.1,12.1,12.2
2022-09-05,4015.426,-0.0020347384303609495,-0.1,12.1,12.2
2022-09-06,4052.28,0.009178104639457896,-0.1,12.1,12.2
2022-09-07,4054.983,0.0006670318931565333,-0.1,12.1,12.2
2022-09-08,4037.684,-0.00426610913042047,-0.1,12.1,12.2
2022-09-09,4093.787,0.013894846649712855,-0.1,12.1,12.2
2022-09-13,4111.115,0.004232755636773389,-0.1,12.1,12.2
2022-09-14,4065.359,-0.011129827309622753,-0.1,12.1,12.2
2022-09-15,4027.119,-0.009406303354759005,-0.1,12.1,12.2
2022-09-16,3932.683,-0.023450014762414595,-0.1,12.1,12.2
2022-09-19,3928.0,-0.001190790104363848,-0.1,12.1,12.2
2022-09-20,3932.836,0.001231160896130401,-0.1,12.1,12.2
2022-09-21,3903.735,-0.00739949491918801,-0.1,12.1,12.2
2022-09-22,3869.344,-0.00880976808108136,-0.1,12.1,12.2
2022-09-23,3856.021,-0.003443219315728885,-0.1,12.1,12.2
2022-09-26,3836.677,-0.005016570189840808,-0.1,12.1,12.2
2022-09-27,3892.295,0.014496398836805868,-0.1,12.1,12.2
2022-09-28,3828.71,-0.016336120463633974,-0.1,12.1,12.2
2022-09-29,3827.143,-0.00040927623141995273,-0.1,12.1,12.2
2022-09-30,3804.885,-0.00581582658395563,-0.1,12.1,12.2
2022-10-10,3720.937,-0.022063216102457872,0.3,11.8,11.5
2022-10-11,3727.687,0.0018140592006798961,0.3,11.8,11.5
2022-10-12,3784.306,0.01518877523783524,0.3,11.8,11.5
2022-10-13,3752.673,-0.008358996339091096,0.3,11.8,11.5
2022-10-14,3842.47,0.02392881021074844,0.3,11.8,11.5
2022-10-17,3846.412,0.0010259026095194024,0.3,11.8,11.5
2022-10-18,3838.267,-0.0021175578695158404,0.3,11.8,11.5
2022-10-19,3776.534,-0.01608356062775196,0.3,11.8,11.5
2022-10-20,3754.927,-0.005721383681439152,0.3,11.8,11.5
2022-10-21,3742.893,-0.003204855913310767,0.3,11.8,11.5
2022-10-24,3633.373,-0.029260788379470104,0.3,11.8,11.5
2022-10-25,3627.454,-0.0016290647836045835,0.3,11.8,11.5
2022-10-26,3656.903,0.00811836621498152,0.3,11.8,11.5
2022-10-27,3631.145,-0.007043665090378348,0.3,11.8,11.5
2022-10-28,3541.33,-0.024734622274792173,0.3,11.8,11.5
2022-10-31,3508.703,-0.009213205208212671,0.3,11.8,11.5
2022-11-01,3634.173,0.03575965249837321,0.1,12.4,12.3
2022-11-02,3677.805,0.012006032734269922,0.1,12.4,12.3
2022-11-03,3647.897,-0.008132024400423599,0.1,12.4,12.3
2022-11-04,3767.175,0.03269774338475018,0.1,12.4,12.3
2022-11-07,3775.297,0.002155992222288461,0.1,12.4,12.3
2022-11-08,3749.325,-0.006879458755165491,0.1,12.4,12.3
2022-11-09,3714.27,-0.009349682942929705,0.1,12.4,12.3
2022-11-10,3685.689,-0.007694917170803395,0.1,12.4,12.3
2022-11-11,3788.439,0.027878098233464543,0.1,12.4,12.3
2022-11-14,3794.017,0.0014723742417390717,0.1,12.4,12.3
2022-11-15,3865.973,0.018965650391129074,0.1,12.4,12.3
2022-11-16,3834.39,-0.008169482818426332,0.1,12.4,12.3
2022-11-17,3818.664,-0.0041013042491764296,0.1,12.4,12.3
2022-11-18,3801.569,-0.004476696561939053,0.1,12.4,12.3
2022-11-21,3769.127,-0.008533844841432603,0.1,12.4,12.3
2022-11-22,3769.573,0.00011832978830383922,0.1,12.4,12.3
2022-11-23,3773.529,0.0010494557341109712,0.1,12.4,12.3
2022-11-24,3756.808,-0.004431130647200576,0.1,12.4,12.3
2022-11-25,3775.776,0.005048967101858759,0.1,12.4,12.3
2022-11-28,3733.242,-0.011264969108336853,0.1,12.4,12.3
2022-11-29,3848.422,0.03085254049965136,0.1,12.4,12.3
2022-11-30,3853.037,0.0011991928120147488,0.1,12.4,12.3
2022-12-01,3894.769,0.010830936738993158,-0.2,11.8,12.0
2022-12-02,3870.948,-0.006116152203121672,-0.2,11.8,12.0
2022-12-05,3946.876,0.01961483336898362,-0.2,11.8,12.0
2022-12-06,3968.198,0.0054022472456696224,-0.2,11.8,12.0
2022-12-07,3958.441,-0.0024587986788965344,-0.2,11.8,12.0
2022-12-08,3959.18,0.00018668965888335443,-0.2,11.8,12.0
2022-12-09,3998.244,0.009866689567031628,-0.2,11.8,12.0
2022-12-12,3953.443,-0.011205169069221421,-0.2,11.8,12.0
2022-12-13,3945.681,-0.0019633519441155656,-0.2,11.8,12.0
2022-12-14,3954.886,0.0023329306145123407,-0.2,11.8,12.0
2022-12-15,3951.989,-0.0007325116324465863,-0.2,11.8,12.0
2022-12-16,3954.227,0.0005662971227904379,-0.2,11.8,12.0
2022-12-19,3893.221,-0.015428046998819167,-0.2,11.8,12.0
2022-12-20,3829.017,-0.016491229241802685,-0.2,11.8,12.0
2022-12-21,3830.538,0.00039722988955137595,-0.2,11.8,12.0
2022-12-22,3836.028,0.0014332190412937873,-0.2,11.8,12.0
2022-12-23,3828.219,-0.0020356994265943174,-0.2,11.8,12.0
2022-12-26,3843.489,0.003988800013792204,-0.2,11.8,12.0
2022-12-27,3887.854,0.011542897612039527,-0.2,11.8,12.0
2022-12-28,3871.264,-0.004267135545727663,-0.2,11.8,12.0
2022-12-29,3856.701,-0.0037618204286765655,-0.2,11.8,12.0
2022-12-30,3871.634,0.0038719620732849958,-0.2,11.8,12.0
2023-01-03,3887.899,0.0042010685927440505,0.0,12.6,12.6
2023-01-04,3892.948,0.0012986448464840095,0.0,12.6,12.6
2023-01-05,3968.578,0.019427436482583493,0.0,12.6,12.6
2023-01-06,3980.889,0.003102118693395939,0.0,12.6,12.6
2023-01-09,4013.12,0.00809643273148275,0.0,12.6,12.6
2023-01-10,4017.474,0.0010849413922335849,0.0,12.6,12.6
2023-01-11,4010.031,-0.0018526566693400914,0.0,12.6,12.6
2023-01-12,4017.869,0.001954598355972781,0.0,12.6,12.6
2023-01-13,4074.377,0.014064171828399585,0.0,12.6,12.6
2023-01-16,4137.964,0.015606557763309548,0.0,12.6,12.6
2023-01-17,4137.242,-0.00017448194329383604,0.0,12.6,12.6
2023-01-18,4130.314,-0.0016745455064025583,0.0,12.6,12.6
2023-01-19,4156.008,0.006220834541877274,0.0,12.6,12.6
2023-01-20,4181.527,0.006140267294961976,0.0,12.6,12.6
2023-01-30,4201.345,0.004739416964185672,0.0,12.6,12.6
2023-01-31,4156.858,-0.010588751935392104,0.0,12.6,12.6
2023-02-01,4195.933,0.009400128654863726,0.8,12.9,12.1
2023-02-02,4181.149,-0.003523411837128898,0.8,12.9,12.1
2023-02-03,4141.632,-0.009451229793532967,0.8,12.9,12.1
2023-02-06,4086.878,-0.013220392347750742,0.8,12.9,12.1
2023-02-07,4094.234,0.0017999069216159125,0.8,12.9,12.1
2023-02-08,4076.141,-0.004419141651405334,0.8,12.9,12.1
2023-02-09,4130.857,0.01342348068921062,0.8,12.9,12.1
2023-02-10,4106.31,-0.005942350461417445,0.8,12.9,12.1
2023-02-13,4143.574,0.009074814127525421,0.8,12.9,12.1
2023-02-14,4145.29,0.00041413523687539033,0.8,12.9,12.1
2023-02-15,4123.689,-0.005210974382974354,0.8,12.9,12.1
2023-02-16,4093.488,-0.007323782176590021,0.8,12.9,12.1
2023-02-17,4034.507,-0.0144084946627423,0.8,12.9,12.1
2023-02-20,4133.49,0.02453410044895188,0.8,12.9,12.1
2023-02-21,4144.354,0.002628287476200697,0.8,12.9,12.1
2023-02-22,4106.951,-0.009025049501080296,0.8,12.9,12.1
2023-02-23,4103.646,-0.0008047332437129961,0.8,12.9,12.1
2023-02-24,4061.046,-0.010381012397268186,0.8,12.9,12.1
2023-02-27,4043.844,-0.00423585450644981,0.8,12.9,12.1
2023-02-28,4069.459,0.006334319523700671,0.8,12.9,12.1
2023-03-01,4126.942,0.014125464834514823,-0.5,12.7,13.2
2023-03-02,4117.738,-0.002230222765427725,-0.5,12.7,13.2
2023-03-03,4130.551,0.003111659848198167,-0.5,12.7,13.2
2023-03-06,4109.01,-0.005215042738850095,-0.5,12.7,13.2
2023-03-07,4048.852,-0.01464050951445739,-0.5,12.7,13.2
2023-03-08,4034.108,-0.0036415260424436102,-0.5,12.7,13.2
2023-03-09,4019.851,-0.0035341146047651595,-0.5,12.7,13.2
2023-03-10,3967.135,-0.013113918898984056,-0.5,12.7,13.2
2023-03-13,4008.686,0.010473805403647729,-0.5,12.7,13.2
2023-03-14,3984.696,-0.0059845046481565856,-0.5,12.7,13.2
2023-03-15,3986.902,0.0005536181430152443,-0.5,12.7,13.2
2023-03-16,3939.151,-0.011976968583627179,-0.5,12.7,13.2
2023-03-17,3958.819,0.004992954065482724,-0.5,12.7,13.2
2023-03-20,3939.077,-0.004986840772462586,-0.5,12.7,13.2
2023-03-21,3982.378,0.010992676710813276,-0.5,12.7,13.2
2023-03-22,3999.443,0.0042851281319855605,-0.5,12.7,13.2
2023-03-23,4039.09,0.009913130403408577,-0.5,12.7,13.2
2023-03-24,4027.046,-0.0029818597753454856,-0.5,12.7,13.2
2023-03-27,4012.477,-0.003617788324245641,-0.5,12.7,13.2
2023-03-28,3999.515,-0.0032304235014929406,-0.5,12.7,13.2
2023-03-29,4006.144,0.0016574509659295078,-0.5,12.7,13.2
2023-03-30,4038.526,0.008083084382388694,-0.5,12.7,13.2
2023-03-31,4050.926,0.0030704271806099026,-0.5,12.7,13.2
2023-04-03,4090.568,0.00978591067820056,-0.3,12.4,12.700000000000001
2023-04-04,4103.105,0.0030648555408441247,-0.3,12.4,12.700000000000001
2023-04-06,4096.64,-0.001575636012239312,-0.3,12.4,12.700000000000001
2023-04-07,4123.28,0.006502890173410325,-0.3,12.4,12.700000000000001
2023-04-10,4104.812,-0.004478958499058994,-0.3,12.4,12.700000000000001
2023-04-11,4100.148,-0.0011362274325839028,-0.3,12.4,12.700000000000001
2023-04-12,4097.288,-0.0006975357962689666,-0.3,12.4,12.700000000000001
2023-04-13,4068.979,-0.006909204332231411,-0.3,12.4,12.700000000000001
2023-04-14,4091.999,0.0056574388808592335,-0.3,12.4,12.700000000000001
2023-04-17,4149.384,0.014023708216937436,-0.3,12.4,12.700000000000001
2023-04-18,4162.032,0.003048163293635886,-0.3,12.4,12.700000000000001
2023-04-19,4124.559,-0.009003534811841907,-0.3,12.4,12.700000000000001
2023-04-20,4113.019,-0.00279787487583516,-0.3,12.4,12.700000000000001
2023-04-21,4032.567,-0.01956032782732109,-0.3,12.4,12.700000000000001
2023-04-24,3982.643,-0.012380203478330354,-0.3,12.4,12.700000000000001
2023-04-25,3962.666,-0.0050160157463272625,-0.3,12.4,12.700000000000001
2023-04-26,3959.232,-0.0008665883019159937,-0.3,12.4,12.700000000000001
2023-04-27,3988.419,0.007371884244216975,-0.3,12.4,12.700000000000001
2023-04-28,4029.086,0.010196270752897307,-0.3,12.4,12.700000000000001
2023-05-04,4030.247,0.0002881546832209647,-0.1,11.6,11.7
2023-05-05,4016.877,-0.0033174145405976407,-0.1,11.6,11.7
2023-05-08,4062.662,0.011398158320506058,-0.1,11.6,11.7
2023-05-09,4027.875,-0.008562612395517921,-0.1,11.6,11.7
2023-05-10,3996.87,-0.007697607299134157,-0.1,11.6,11.7
2023-05-11,3990.664,-0.0015527149994870593,-0.1,11.6,11.7
2023-05-12,3937.762,-0.013256440532202207,-0.1,11.6,11.7
2023-05-15,3998.887,0.015522776643179581,-0.1,11.6,11.7
2023-05-16,3978.205,-0.00517193909205238,-0.1,11.6,11.7
2023-05-17,3960.165,-0.004534708492900719,-0.1,11.6,11.7
2023-05-18,3956.07,-0.0010340478237648165,-0.1,11.6,11.7
2023-05-19,3944.54,-0.0029145085905962764,-0.1,11.6,11.7
2023-05-22,3969.328,0.006284129454892096,-0.1,11.6,11.7
2023-05-23,3913.188,-0.014143451989858224,-0.1,11.6,11.7
2023-05-24,3859.094,-0.013823511673857758,-0.1,11.6,11.7
2023-05-25,3850.5,-0.002226947568522597,-0.1,11.6,11.7
2023-05-26,3850.951,0.00011712764576032875,-0.1,11.6,11.7
2023-05-29,3833.942,-0.004416831063288051,-0.1,11.6,11.7
2023-05-30,3837.753,0.0009940160805772535,-0.1,11.6,11.7
2023-05-31,3798.543,-0.01021691599224861,-0.1,11.6,11.7
2023-06-01,3806.868,0.0021916297906854343,-0.2,11.3,11.5
2023-06-02,3861.834,0.014438640898502442,-0.2,11.3,11.5
2023-06-05,3844.249,-0.004553535962446897,-0.2,11.3,11.5
2023-06-06,3808.163,-0.00938700901008227,-0.2,11.3,11.5
2023-06-07,3789.342,-0.004942277943459805,-0.2,11.3,11.5
2023-06-08,3820.187,0.008139935640541163,-0.2,11.3,11.5
2023-06-09,3836.703,0.004323348569062135,-0.2,11.3,11.5
2023-06-12,3844.432,0.0020144900452288006,-0.2,11.3,11.5
2023-06-13,3864.907,0.005325884291879968,-0.2,11.3,11.5
2023-06-14,3864.025,-0.0002282073022714659,-0.2,11.3,11.5
2023-06-15,3925.499,0.015909317356901154,-0.2,11.3,11.5
2023-06-16,3963.351,0.009642595756615968,-0.2,11.3,11.5
2023-06-19,3930.908,-0.00818574988690135,-0.2,11.3,11.5
2023-06-20,3924.238,-0.0016968089815381227,-0.2,11.3,11.5
2023-06-21,3864.032,-0.015342086794939425,-0.2,11.3,11.5
2023-06-26,3809.696,-0.014061995345794331,-0.2,11.3,11.5
2023-06-27,3845.433,0.009380538499659918,-0.2,11.3,11.5
2023-06-28,3840.799,-0.0012050658534422665,-0.2,11.3,11.5
2023-06-29,3821.844,-0.004935171041233866,-0.2,11.3,11.5
2023-06-30,3842.452,0.005392161480165081,-0.2,11.3,11.5
2023-07-03,3892.882,0.01312443200331459,-0.2,10.7,10.899999999999999
2023-07-04,3899.013,0.0015749257234101144,-0.2,10.7,10.899999999999999
2023-07-05,3868.805,-0.007747601764856893,-0.2,10.7,10.899999999999999
2023-07-06,3842.755,-0.006733345309468897,-0.2,10.7,10.899999999999999
2023-07-07,3825.699,-0.004438482286796885,-0.2,10.7,10.899999999999999
2023-07-10,3844.327,0.004869175541515558,-0.2,10.7,10.899999999999999
2023-07-11,3869.486,0.006544448482139975,-0.2,10.7,10.899999999999999
2023-07-12,3843.437,-0.006731901859833522,-0.2,10.7,10.899999999999999
2023-07-13,3898.423,0.014306465801312784,-0.2,10.7,10.899999999999999
2023-07-14,3899.103,0.00017442950649537714,-0.2,10.7,10.899999999999999
2023-07-17,3867.175,-0.008188550033174313,-0.2,10.7,10.899999999999999
2023-07-18,3854.939,-0.003164066792943232,-0.2,10.7,10.899999999999999
2023-07-19,3850.866,-0.0010565666538432383,-0.2,10.7,10.899999999999999
2023-07-20,3823.695,-0.00705581549708556,-0.2,10.7,10.899999999999999
2023-07-21,3821.91,-0.00046682593669222783,-0.2,10.7,10.899999999999999
2023-07-24,3805.221,-0.004366664835121714,-0.2,10.7,10.899999999999999
2023-07-25,3915.115,0.02887979436673982,-0.2,10.7,10.899999999999999
2023-07-26,3907.013,-0.0020694155854936724,-0.2,10.7,10.899999999999999
2023-07-27,3902.346,-0.001194518677055778,-0.2,10.7,10.899999999999999
2023-07-28,3992.738,0.023163502159982752,-0.2,10.7,10.899999999999999
2023-07-31,4014.63,0.005482954303538179,-0.2,10.7,10.899999999999999
2023-08-01,3998.001,-0.004142100268268778,0.2,10.6,10.4
2023-08-02,3969.895,-0.007030013249121336,0.2,10.6,10.4
2023-08-03,4004.984,0.00883877281389056,0.2,10.6,10.4
2023-08-04,4020.579,0.003893898202839363,0.2,10.6,10.4
2023-08-07,3990.153,-0.007567566760906974,0.2,10.6,10.4
2023-08-08,3979.732,-0.0026116793015205086,0.2,10.6,10.4
2023-08-09,3967.565,-0.0030572410403514327,0.2,10.6,10.4
2023-08-10,3975.717,0.0020546607301958897,0.2,10.6,10.4
2023-08-11,3884.254,-0.02300541009332413,0.2,10.6,10.4
2023-08-14,3855.906,-0.007298183898375332,0.2,10.6,10.4
2023-08-15,3846.536,-0.002430038491602171,0.2,10.6,10.4
2023-08-16,3818.334,-0.007331791513195296,0.2,10.6,10.4
2023-08-17,3831.101,0.003343604828702773,0.2,10.6,10.4
2023-08-18,3784.004,-0.012293332908738352,0.2,10.6,10.4
2023-08-21,3729.555,-0.014389255402478485,0.2,10.6,10.4
2023-08-22,3758.227,0.007687780445656323,0.2,10.6,10.4
2023-08-23,3696.634,-0.01638884505911964,0.2,10.6,10.4
2023-08-24,3723.429,0.007248486055151826,0.2,10.6,10.4
2023-08-25,3709.152,-0.0038343688035947787,0.2,10.6,10.4
2023-08-28,3752.619,0.011718851101276018,0.2,10.6,10.4
2023-08-29,3790.107,0.009989823107541707,0.2,10.6,10.4
2023-08-30,3788.51,-0.00042136013574278763,0.2,10.6,10.4
2023-08-31,3765.268,-0.006134865685982094,0.2,10.6,10.4
2023-09-01,3791.491,0.006964444496381228,0.3,10.3,10.0
2023-09-04,3848.952,0.015155251588359286,0.3,10.3,10.0
2023-09-05,3820.317,-0.007439687478565604,0.3,10.3,10.0
2023-09-06,3812.028,-0.0021697152356728866,0.3,10.3,10.0
2023-09-07,3758.475,-0.01404842776600801,0.3,10.3,10.0
2023-09-08,3739.993,-0.0049174199642142424,0.3,10.3,10.0
2023-09-11,3767.537,0.0073647196665875825,0.3,10.3,10.0
2023-09-12,3760.605,-0.0018399288447598083,0.3,10.3,10.0
2023-09-13,3736.651,-0.0063697197658355575,0.3,10.3,10.0
2023-09-14,3733.508,-0.0008411275230145732,0.3,10.3,10.0
2023-09-15,3708.777,-0.006624065088383313,0.3,10.3,10.0
2023-09-18,3727.711,0.005105186965945752,0.3,10.3,10.0
2023-09-19,3720.502,-0.0019338945535208873,0.3,10.3,10.0
2023-09-20,3705.69,-0.0039811831844197565,0.3,10.3,10.0
2023-09-21,3672.445,-0.008971338671070694,0.3,10.3,10.0
2023-09-22,3738.933,0.01810455976876435,0.3,10.3,10.0
2023-09-25,3714.604,-0.006506936604640967,0.3,10.3,10.0
2023-09-26,3692.893,-0.00584476837907888,0.3,10.3,10.0
2023-09-27,3700.495,0.0020585486771482753,0.3,10.3,10.0
2023-09-28,3689.517,-0.002966630140021853,0.3,10.3,10.0
2023-10-09,3684.727,-0.0012982729175661234,0.2,10.3,10.100000000000001
2023-10-10,3657.126,-0.007490649917890724,0.2,10.3,10.100000000000001
2023-10-11,3667.548,0.0028497787606989178,0.2,10.3,10.100000000000001
2023-10-12,3702.382,0.009497898868672028,0.2,10.3,10.100000000000001
2023-10-13,3663.41,-0.010526196378439656,0.2,10.3,10.100000000000001
2023-10-16,3626.597,-0.01004883428281289,0.2,10.3,10.100000000000001
2023-10-17,3639.402,0.0035308582674060673,0.2,10.3,10.100000000000001
2023-10-18,3610.577,-0.007920257229072192,0.2,10.3,10.100000000000001
2023-10-19,3533.545,-0.021335094086069928,0.2,10.3,10.100000000000001
2023-10-20,3510.589,-0.00649659194944463,0.2,10.3,10.100000000000001
2023-10-23,3474.244,-0.010352963562524686,0.2,10.3,10.100000000000001
2023-10-24,3487.13,0.0037090083482909098,0.2,10.3,10.100000000000001
2023-10-25,3504.458,0.004969129341320766,0.2,10.3,10.100000000000001
2023-10-26,3514.145,0.0027641934929738543,0.2,10.3,10.100000000000001
2023-10-27,3562.385,0.013727378921473132,0.2,10.3,10.100000000000001
2023-10-30,3583.772,0.006003562220254111,0.2,10.3,10.100000000000001
2023-10-31,3572.506,-0.0031436151630181985,0.2,10.3,10.100000000000001
2023-11-01,3571.027,-0.00041399510595641065,-0.1,10.0,10.1
2023-11-02,3554.189,-0.004715170173734351,-0.1,10.0,10.1
2023-11-03,3584.136,0.008425832165931624,-0.1,10.0,10.1
2023-11-06,3632.608,0.013524040382396185,-0.1,10.0,10.1
2023-11-07,3619.759,-0.0035371281459491977,-0.1,10.0,10.1
2023-11-08,3611.072,-0.0023998835281575648,-0.1,10.0,10.1
2023-11-09,3612.826,0.00048572833773463664,-0.1,10.0,10.1
2023-11-10,3586.489,-0.007289861177925516,-0.1,10.0,10.1
2023-11-13,3579.414,-0.0019726813605172033,-0.1,10.0,10.1
2023-11-14,3582.058,0.0007386683965586727,-0.1,10.0,10.1
2023-11-15,3607.245,0.007031432768537016,-0.1,10.0,10.1
2023-11-16,3572.364,-0.009669706382571697,-0.1,10.0,10.1
2023-11-17,3568.069,-0.0012022850974873212,-0.1,10.0,10.1
2023-11-20,3576.323,0.0023132960713483364,-0.1,10.0,10.1
2023-11-21,3581.067,0.0013265021084505335,-0.1,10.0,10.1
2023-11-22,3544.416,-0.010234659111376554,-0.1,10.0,10.1
2023-11-23,3561.52,0.004825618663272024,-0.1,10.0,10.1
2023-11-24,3538.009,-0.006601394910038416,-0.1,10.0,10.1
2023-11-27,3511.942,-0.00736770313472912,-0.1,10.0,10.1
2023-11-28,3518.523,0.0018738919947995925,-0.1,10.0,10.1
2023-11-29,3488.307,-0.008587694325147277,-0.1,10.0,10.1
2023-11-30,3496.203,0.002263562238071337,-0.1,10.0,10.1
2023-12-01,3482.881,-0.003810419475070548,-0.5,9.7,10.2
2023-12-04,3460.138,-0.006529938863831353,-0.5,9.7,10.2
2023-12-05,3394.257,-0.019039992046559928,-0.5,9.7,10.2
2023-12-06,3399.598,0.0015735402475416382,-0.5,9.7,10.2
2023-12-07,3391.282,-0.0024461715767569725,-0.5,9.7,10.2
2023-12-08,3399.462,0.0024120671769554125,-0.5,9.7,10.2
2023-12-11,3419.455,0.0058812247349726565,-0.5,9.7,10.2
2023-12-12,3426.803,0.0021488804502471925,-0.5,9.7,10.2
2023-12-13,3369.605,-0.01669135926401366,-0.5,9.7,10.2
2023-12-14,3351.964,-0.005235331737696303,-0.5,9.7,10.2
2023-12-15,3341.552,-0.0031062386111544438,-0.5,9.7,10.2
2023-12-18,3329.366,-0.003646808429137116,-0.5,9.7,10.2
2023-12-19,3334.041,0.0014041712446153376,-0.5,9.7,10.2
2023-12-20,3297.502,-0.010959373325043154,-0.5,9.7,10.2
2023-12-21,3330.87,0.01011917506039417,-0.5,9.7,10.2
2023-12-22,3337.228,0.0019088106110416447,-0.5,9.7,10.2
2023-12-25,3347.451,0.0030633208159587255,-0.5,9.7,10.2
2023-12-26,3324.79,-0.006769628592024235,-0.5,9.7,10.2
2023-12-27,3336.357,0.0034790167198530675,-0.5,9.7,10.2
2023-12-28,3414.54,0.023433643342124277,-0.5,9.7,10.2
2023-12-29,3431.11,0.004852776655127844,-0.5,9.7,10.2
2024-01-02,3386.352,-0.01304475811034922,0.1,8.7,8.6
2024-01-03,3378.297,-0.002378665891791476,0.1,8.7,8.6
2024-01-04,3347.052,-0.009248742783716124,0.1,8.7,8.6
2024-01-05,3329.111,-0.0053602393987306485,0.1,8.7,8.6
2024-01-08,3286.056,-0.012932882081732933,0.1,8.7,8.6
2024-01-09,3292.499,0.001960709129728677,0.1,8.7,8.6
2024-01-10,3277.129,-0.004668186687376341,0.1,8.7,8.6
2024-01-11,3295.672,0.005658306401731483,0.1,8.7,8.6
2024-01-12,3284.167,-0.0034909420597680763,0.1,8.7,8.6
2024-01-15,3280.92,-0.0009886829750130888,0.1,8.7,8.6
2024-01-16,3300.876,0.006082440291137914,0.1,8.7,8.6
2024-01-17,3229.082,-0.021749983943656237,0.1,8.7,8.6
2024-01-18,3274.729,0.014136215803748575,0.1,8.7,8.6
2024-01-19,3269.776,-0.0015124915680045925,0.1,8.7,8.6
2024-01-22,3218.902,-0.015558863971109838,0.1,8.7,8.6
2024-01-23,3231.933,0.004048274846516042,0.1,8.7,8.6
2024-01-24,3277.109,0.013978012539245022,0.1,8.7,8.6
2024-01-25,3342.919,0.020081724471172624,0.1,8.7,8.6
2024-01-26,3333.821,-0.0027215735708822075,0.1,8.7,8.6
2024-01-29,3303.96,-0.008956989592422637,0.1,8.7,8.6
2024-01-30,3245.039,-0.017833448346832204,0.1,8.7,8.6
2024-01-31,3215.352,-0.009148426259283915,0.1,8.7,8.6
2024-02-01,3217.711,0.0007336677290696869,0.3,8.7,8.399999999999999
2024-02-02,3179.628,-0.011835432081998554,0.3,8.7,8.399999999999999
2024-02-05,3200.422,0.006539758739072532,0.3,8.7,8.399999999999999
2024-02-06,3311.692,0.03476729006362289,0.3,8.7,8.399999999999999
2024-02-07,3343.63,0.00964401278862903,0.3,8.7,8.399999999999999
2024-02-08,3364.93,0.006370322075109902,0.3,8.7,8.399999999999999
2024-02-19,3403.808,0.011553880764235913,0.3,8.7,8.399999999999999
2024-02-20,3410.854,0.002070034502533513,0.3,8.7,8.399999999999999
2024-02-21,3456.871,0.013491342637357073,0.3,8.7,8.399999999999999
2024-02-22,3486.675,0.008621669712291835,0.3,8.7,8.399999999999999
2024-02-23,3489.742,0.0008796346089039453,0.3,8.7,8.399999999999999
2024-02-26,3453.359,-0.01042569909179536,0.3,8.7,8.399999999999999
2024-02-27,3494.787,0.0119964359338256,0.3,8.7,8.399999999999999
2024-02-28,3450.26,-0.01274097677483621,0.3,8.7,8.399999999999999
2024-02-29,3516.083,0.019077692695622872,0.3,8.7,8.399999999999999
2024-03-01,3537.804,0.006177612985813985,1.0,8.3,7.300000000000001
2024-03-04,3540.869,0.0008663566438389392,1.0,8.3,7.300000000000001
2024-03-05,3565.514,0.006960155826154502,1.0,8.3,7.300000000000001
2024-03-06,3551.048,-0.004057199046196502,1.0,8.3,7.300000000000001
2024-03-07,3529.72,-0.006006114251342121,1.0,8.3,7.300000000000001
2024-03-08,3544.91,0.004303457498045171,1.0,8.3,7.300000000000001
2024-03-11,3589.264,0.012512024282703926,1.0,8.3,7.300000000000001
2024-03-12,3597.494,0.002292949195155325,1.0,8.3,7.300000000000001
2024-03-13,3572.361,-0.006986252096598422,1.0,8.3,7.300000000000001
2024-03-14,3562.223,-0.0028378990813078264,1.0,8.3,7.300000000000001
2024-03-15,3569.993,0.002181222231174118,1.0,8.3,7.300000000000001
2024-03-18,3603.528,0.009393575841745383,1.0,8.3,7.300000000000001
2024-03-19,3577.63,-0.007186845780024376,1.0,8.3,7.300000000000001
2024-03-20,3585.384,0.0021673566019961843,1.0,8.3,7.300000000000001
2024-03-21,3581.09,-0.0011976401969774342,1.0,8.3,7.300000000000001
2024-03-22,3545.002,-0.01007737867520786,1.0,8.3,7.300000000000001
2024-03-25,3525.763,-0.00542707733310166,1.0,8.3,7.300000000000001
2024-03-26,3543.747,0.0051007398965841055,1.0,8.3,7.300000000000001
2024-03-27,3502.787,-0.011558387209922194,1.0,8.3,7.300000000000001
2024-03-28,3520.965,0.005189581895787665,1.0,8.3,7.300000000000001
2024-03-29,3537.484,0.004691611532633644,1.0,8.3,7.300000000000001
2024-04-01,3595.647,0.016441911822074662,-1.0,7.2,8.2
2024-04-02,3580.676,-0.004163645652646153,-1.0,7.2,8.2
2024-04-03,3567.803,-0.003595131198689816,-1.0,7.2,8.2
2024-04-08,3536.408,-0.00879953293385316,-1.0,7.2,8.2
2024-04-09,3533.487,-0.0008259793553232475,-1.0,7.2,8.2
2024-04-10,3504.709,-0.008144362778184866,-1.0,7.2,8.2
2024-04-11,3504.245,-0.00013239330283909556,-1.0,7.2,8.2
2024-04-12,3475.839,-0.008106168375784262,-1.0,7.2,8.2
2024-04-15,3549.076,0.021070308492424417,-1.0,7.2,8.2
2024-04-16,3511.115,-0.010696023415672218,-1.0,7.2,8.2
2024-04-17,3565.403,0.015461755026537238,-1.0,7.2,8.2
2024-04-18,3569.802,0.0012338016207424918,-1.0,7.2,8.2
2024-04-19,3541.662,-0.007882790137940465,-1.0,7.2,8.2
2024-04-22,3530.905,-0.003037274590291128,-1.0,7.2,8.2
2024-04-23,3506.225,-0.00698970943709909,-1.0,7.2,8.2
2024-04-24,3521.622,0.004391332558520977,-1.0,7.2,8.2
2024-04-25,3530.281,0.0024588101732667678,-1.0,7.2,8.2
2024-04-26,3584.269,0.01529283362995737,-1.0,7.2,8.2
2024-04-29,3623.912,0.011060274772903389,-1.0,7.2,8.2
2024-04-30,3604.394,-0.005385892372662515,-1.0,7.2,8.2
2024-05-06,3657.877,0.014838277946306766,0.1,7.0,6.9
2024-05-07,3659.008,0.00030919574386989446,0.1,7.0,6.9
2024-05-08,3630.223,-0.007866886325473943,0.1,7.0,6.9
2024-05-09,3664.561,0.009458923046876233,0.1,7.0,6.9
2024-05-10,3666.277,0.00046826891406626103,0.1,7.0,6.9
2024-05-13,3664.691,-0.00043259142721630006,0.1,7.0,6.9
2024-05-14,3657.045,-0.0020863969158654294,0.1,7.0,6.9
2024-05-15,3626.056,-0.008473781427354554,0.1,7.0,6.9
2024-05-16,3640.359,0.003944506096982492,0.1,7.0,6.9
2024-05-17,3677.97,0.010331673332218072,0.1,7.0,6.9
2024-05-20,3690.962,0.003532383352773394,0.1,7.0,6.9
2024-05-21,3676.161,-0.004010065668516805,0.1,7.0,6.9
2024-05-22,3684.451,0.002255069894925743,0.1,7.0,6.9
2024-05-23,3641.792,-0.011578115708419046,0.1,7.0,6.9
2024-05-24,3601.475,-0.011070648735567512,0.1,7.0,6.9
2024-05-27,3635.708,0.009505272145440502,0.1,7.0,6.9
2024-05-28,3609.172,-0.007298715958487301,0.1,7.0,6.9
2024-05-29,3613.522,0.0012052625920848659,0.1,7.0,6.9
2024-05-30,3594.312,-0.0053161430869937965,0.1,7.0,6.9
2024-05-31,3579.925,-0.0040027131757064405,0.1,7.0,6.9
2024-06-03,3588.748,0.002464576771859628,-0.1,6.2,6.3
2024-06-04,3615.671,0.007502059213965406,-0.1,6.2,6.3
2024-06-05,3594.794,-0.005774031984657868,-0.1,6.2,6.3
2024-06-06,3592.245,-0.0007090809654183294,-0.1,6.2,6.3
2024-06-07,3574.114,-0.005047261531437863,-0.1,6.2,6.3
2024-06-11,3542.877,-0.008739788378322566,-0.1,6.2,6.3
2024-06-12,3544.123,0.00035169157721259836,-0.1,6.2,6.3
2024-06-13,3526.131,-0.00507657324534172,-0.1,6.2,6.3
2024-06-14,3541.533,0.004367960237438684,-0.1,6.2,6.3
2024-06-17,3536.199,-0.0015061274312564432,-0.1,6.2,6.3
2024-06-18,3545.59,0.0026556763349574464,-0.1,6.2,6.3
2024-06-19,3528.749,-0.0047498441726201435,-0.1,6.2,6.3
2024-06-20,3503.282,-0.007217005233299267,-0.1,6.2,6.3
2024-06-21,3495.62,-0.0021870919897399865,-0.1,6.2,6.3
2024-06-24,3476.81,-0.005381019676051757,-0.1,6.2,6.3
2024-06-25,3457.902,-0.005438318458586999,-0.1,6.2,6.3
2024-06-26,3480.265,0.006467216248465135,-0.1,6.2,6.3
2024-06-27,3454.118,-0.00751293364154737,-0.1,6.2,6.3
2024-06-28,3461.657,0.0021826121748012017,-0.1,6.2,6.3
2024-07-01,3478.183,0.004774014294310458,-0.2,6.3,6.5
2024-07-02,3471.786,-0.0018391786746125849,-0.2,6.3,6.5
2024-07-03,3463.414,-0.0024114389538986147,-0.2,6.3,6.5
2024-07-04,3445.813,-0.005081979803742809,-0.2,6.3,6.5
2024-07-05,3431.061,-0.004281137716991568,-0.2,6.3,6.5
2024-07-08,3401.76,-0.008539923947723405,-0.2,6.3,6.5
2024-07-09,3439.811,0.011185680353699157,-0.2,6.3,6.5
2024-07-10,3428.966,-0.0031527894991906225,-0.2,6.3,6.5
2024-07-11,3468.169,0.011432892597943445,-0.2,6.3,6.5
2024-07-12,3472.401,0.001220240420809926,-0.2,6.3,6.5
2024-07-15,3476.247,0.0011075909723559096,-0.2,6.3,6.5
2024-07-16,3498.283,0.006339020213465885,-0.2,6.3,6.5
2024-07-17,3501.584,0.0009436057631699857,-0.2,6.3,6.5
2024-07-18,3520.931,0.005525213731842671,-0.2,6.3,6.5
2024-07-19,3539.016,0.005136425564715719,-0.2,6.3,6.5
2024-07-22,3514.925,-0.006807259419002287,-0.2,6.3,6.5
2024-07-23,3439.878,-0.021350953434283837,-0.2,6.3,6.5
2024-07-24,3418.166,-0.006311851757533238,-0.2,6.3,6.5
2024-07-25,3399.272,-0.0055275255795067535,-0.2,6.3,6.5
2024-07-26,3409.293,0.002947984156607797,-0.2,6.3,6.5
2024-07-29,3390.742,-0.005441304106159284,-0.2,6.3,6.5
2024-07-30,3369.382,-0.006299506125797882,-0.2,6.3,6.5
2024-07-31,3442.084,0.021577250664958747,-0.2,6.3,6.5
2024-08-01,3419.267,-0.006628832997683909,0.5,6.3,5.8
2024-08-02,3384.392,-0.010199554465913363,0.5,6.3,5.8
2024-08-05,3343.321,-0.012135414573725467,0.5,6.3,5.8
2024-08-06,3342.979,-0.00010229349799195653,0.5,6.3,5.8
2024-08-07,3341.489,-0.0004457102482545716,0.5,6.3,5.8
2024-08-08,3342.937,0.0004333397476394829,0.5,6.3,5.8
2024-08-09,3331.627,-0.0033832525111899825,0.5,6.3,5.8
2024-08-12,3325.865,-0.0017294853235371166,0.5,6.3,5.8
2024-08-13,3334.39,0.002563242945820221,0.5,6.3,5.8
2024-08-14,3309.239,-0.007542908897879341,0.5,6.3,5.8
2024-08-15,3341.953,0.009885656490812522,0.5,6.3,5.8
2024-08-16,3345.634,0.0011014517559044812,0.5,6.3,5.8
2024-08-19,3356.968,0.0033876987142047454,0.5,6.3,5.8
2024-08-20,3332.703,-0.007228248824534433,0.5,6.3,5.8
2024-08-21,3321.635,-0.0033210280063958875,0.5,6.3,5.8
2024-08-22,3313.136,-0.0025586796863593664,0.5,6.3,5.8
2024-08-23,3327.191,0.004242204364686364,0.5,6.3,5.8
2024-08-26,3324.223,-0.0008920437690531635,0.5,6.3,5.8
2024-08-27,3305.334,-0.005682230103094765,0.5,6.3,5.8
2024-08-28,3286.496,-0.005699272751255924,0.5,6.3,5.8
2024-08-29,3277.681,-0.0026821879594559617,0.5,6.3,5.8
2024-08-30,3321.432,0.013348156821850532,0.5,6.3,5.8
2024-09-02,3265.011,-0.016986950207019125,0.4,6.8,6.3999999999999995
2024-09-03,3273.428,0.0025779392473714857,0.4,6.8,6.3999999999999995
2024-09-04,3252.165,-0.006495636989724551,0.4,6.8,6.3999999999999995
2024-09-05,3257.758,0.0017197774405663946,0.4,6.8,6.3999999999999995
2024-09-06,3231.346,-0.008107416204641282,0.4,6.8,6.3999999999999995
2024-09-09,3192.952,-0.011881735970087903,0.4,6.8,6.3999999999999995
2024-09-10,3195.755,0.0008778710109014209,0.4,6.8,6.3999999999999995
2024-09-11,3186.13,-0.003011807851352799,0.4,6.8,6.3999999999999995
2024-09-12,3172.475,-0.0042857636066325755,0.4,6.8,6.3999999999999995
2024-09-13,3159.247,-0.00416961520579362,0.4,6.8,6.3999999999999995
2024-09-18,3171.01,0.0037233555970774823,0.4,6.8,6.3999999999999995
2024-09-19,3196.036,0.007892122699076909,0.4,6.8,6.3999999999999995
2024-09-20,3201.05,0.0015688183737605499,0.4,6.8,6.3999999999999995
2024-09-23,3212.764,0.003659424251417409,0.4,6.8,6.3999999999999995
2024-09-24,3351.909,0.04331005950016875,0.4,6.8,6.3999999999999995
2024-09-25,3401.533,0.014804697860234306,0.4,6.8,6.3999999999999995
2024-09-26,3545.32,0.04227123476385519,0.4,6.8,6.3999999999999995
2024-09-27,3703.685,0.04466874640370966,0.4,6.8,6.3999999999999995
2024-09-30,4017.855,0.08482632837295823,0.4,6.8,6.3999999999999995
2024-10-08,4256.096,0.05929556940208136,0.0,7.5,7.5
2024-10-09,3955.984,-0.07051344706510376,0.0,7.5,7.5
2024-10-10,3997.788,0.010567282375257392,0.0,7.5,7.5
2024-10-11,3887.167,-0.027670551815153765,0.0,7.5,7.5
2024-10-14,3961.342,0.019082020402004796,0.0,7.5,7.5
2024-10-15,3855.995,-0.026593765446154438,0.0,7.5,7.5
2024-10-16,3831.589,-0.006329365053637237,0.0,7.5,7.5
2024-10-17,3788.222,-0.01131828074462049,0.0,7.5,7.5
2024-10-18,3925.234,0.03616789089974137,0.0,7.5,7.5
2024-10-21,3935.197,0.0025381926274969935,0.0,7.5,7.5
2024-10-22,3957.776,0.00573770512632521,0.0,7.5,7.5
2024-10-23,3973.209,0.0038994121951319016,0.0,7.5,7.5
2024-10-24,3928.833,-0.01116880586951241,0.0,7.5,7.5
2024-10-25,3956.421,0.0070219324669691385,0.0,7.5,7.5
2024-10-28,3964.157,0.001955302532263392,0.0,7.5,7.5
2024-10-29,3924.649,-0.009966305572660317,0.0,7.5,7.5
2024-10-30,3889.449,-0.008968954930746675,0.0,7.5,7.5
2024-10-31,3891.04,0.0004090553700537569,0.0,7.5,7.5
2024-11-01,3890.02,-0.00026214071302277375,-0.3,7.1,7.3999999999999995
2024-11-04,3944.762,0.014072421221484666,-0.3,7.1,7.3999999999999995
2024-11-05,4044.573,0.025302160181019717,-0.3,7.1,7.3999999999999995
2024-11-06,4024.283,-0.005016598785582582,-0.3,7.1,7.3999999999999995
2024-11-07,4145.695,0.03016984640493714,-0.3,7.1,7.3999999999999995
2024-11-08,4104.047,-0.010046083949735829,-0.3,7.1,7.3999999999999995
2024-11-11,4131.131,0.006599339627445966,-0.3,7.1,7.3999999999999995
2024-11-12,4085.743,-0.01098682176866339,-0.3,7.1,7.3999999999999995
2024-11-13,4110.89,0.006154816883979342,-0.3,7.1,7.3999999999999995
2024-11-14,4039.619,-0.01733712164519119,-0.3,7.1,7.3999999999999995
2024-11-15,3968.831,-0.017523434759565193,-0.3,7.1,7.3999999999999995
2024-11-18,3950.381,-0.0046487240197429225,-0.3,7.1,7.3999999999999995
2024-11-19,3976.891,0.006710745115471095,-0.3,7.1,7.3999999999999995
2024-11-20,3985.773,0.002233402927060313,-0.3,7.1,7.3999999999999995
2024-11-21,3989.298,0.0008843955739574749,-0.3,7.1,7.3999999999999995
2024-11-22,3865.699,-0.03098264406419371,-0.3,7.1,7.3999999999999995
2024-11-25,3848.091,-0.00455493301470189,-0.3,7.1,7.3999999999999995
2024-11-26,3840.185,-0.0020545252178287843,-0.3,7.1,7.3999999999999995
2024-11-27,3907.045,0.017410619540464856,-0.3,7.1,7.3999999999999995
2024-11-28,3872.551,-0.008828667189653583,-0.3,7.1,7.3999999999999995
2024-11-29,3916.583,0.01137028279291874,-0.3,7.1,7.3999999999999995
2024-12-02,3947.632,0.007927573601784976,-0.6,7.3,7.8999999999999995
2024-12-03,3951.891,0.0010788746266114924,-0.6,7.3,7.8999999999999995
2024-12-04,3930.557,-0.005398428246123244,-0.6,7.3,7.8999999999999995
2024-12-05,3921.588,-0.002281864885816387,-0.6,7.3,7.8999999999999995
2024-12-06,3973.141,0.013145950059006761,-0.6,7.3,7.8999999999999995
2024-12-09,3966.571,-0.001653603534332193,-0.6,7.3,7.8999999999999995
2024-12-10,3995.637,0.007327739753051343,-0.6,7.3,7.8999999999999995
2024-12-11,3988.831,-0.0017033579376705132,-0.6,7.3,7.8999999999999995
2024-12-12,4028.505,0.009946272479330442,-0.6,7.3,7.8999999999999995
2024-12-13,3933.181,-0.0236623759930793,-0.6,7.3,7.8999999999999995
2024-12-16,3911.842,-0.005425379610040859,-0.6,7.3,7.8999999999999995
2024-12-17,3922.033,0.002605166568588446,-0.6,7.3,7.8999999999999995
2024-12-18,3941.89,0.005062935472496033,-0.6,7.3,7.8999999999999995
2024-12-19,3945.464,0.000906671672725512,-0.6,7.3,7.8999999999999995
2024-12-20,3927.744,-0.004491233477228462,-0.6,7.3,7.8999999999999995
2024-12-23,3933.572,0.0014838034250703735,-0.6,7.3,7.8999999999999995
2024-12-24,3983.688,0.0127405828595486,-0.6,7.3,7.8999999999999995
2024-12-25,3985.629,0.0004872369522914699,-0.6,7.3,7.8999999999999995
2024-12-26,3987.48,0.0004644185397084666,-0.6,7.3,7.8999999999999995
2024-12-27,3981.031,-0.0016173121871457807,-0.6,7.3,7.8999999999999995
2024-12-30,3999.055,0.0045274703964877094,-0.6,7.3,7.8999999999999995
2024-12-31,3934.911,-0.016039789400245752,-0.6,7.3,7.8999999999999995
2025-01-02,3820.395,-0.029102564200308434,0.0,7.0,7.0
2025-01-03,3775.165,-0.011839089937035308,0.0,7.0,7.0
2025-01-06,3768.97,-0.0016409878773511188,0.0,7.0,7.0
2025-01-07,3796.106,0.0071998450505046385,0.0,7.0,7.0
2025-01-08,3789.215,-0.0018152812381951877,0.0,7.0,7.0
2025-01-09,3779.877,-0.002464362671424025,0.0,7.0,7.0
2025-01-10,3732.481,-0.012539032354756396,0.0,7.0,7.0
2025-01-13,3722.513,-0.0026706097097346504,0.0,7.0,7.0
2025-01-14,3820.54,0.02633355477872068,0.0,7.0,7.0
2025-01-15,3796.026,-0.0064163704607203,0.0,7.0,7.0
2025-01-16,3800.384,0.0011480427162511297,0.0,7.0,7.0
2025-01-17,3812.343,0.0031467872720229995,0.0,7.0,7.0
2025-01-20,3829.676,0.004546547884070273,0.0,7.0,7.0
2025-01-21,3832.615,0.0007674278450708893,0.0,7.0,7.0
2025-01-22,3797.017,-0.00928817530589432,0.0,7.0,7.0
2025-01-23,3803.744,0.0017716539062111458,0.0,7.0,7.0
2025-01-24,3832.864,0.00765561509922863,0.0,7.0,7.0
2025-01-27,3817.08,-0.004118069412324621,0.0,7.0,7.0
2025-02-05,3795.085,-0.005762258061135728,0.7,7.0,6.3
2025-02-06,3842.831,0.012581009384506459,0.7,7.0,6.3
2025-02-07,3892.703,0.012977932154705663,0.7,7.0,6.3
2025-02-10,3901.062,0.0021473510822684894,0.7,7.0,6.3
2025-02-11,3883.135,-0.004595415299731065,0.7,7.0,6.3
2025-02-12,3919.862,0.009458079618658521,0.7,7.0,6.3
2025-02-13,3905.14,-0.003755744462432653,0.7,7.0,6.3
2025-02-14,3939.009,0.00867292849936252,0.7,7.0,6.3
2025-02-17,3947.398,0.0021297234913655316,0.7,7.0,6.3
2025-02-18,3912.783,-0.008769067623786708,0.7,7.0,6.3
2025-02-19,3940.16,0.006996810198776737,0.7,7.0,6.3
2025-02-20,3928.896,-0.0028587671566635553,0.7,7.0,6.3
2025-02-21,3978.444,0.012611176269364144,0.7,7.0,6.3
2025-02-24,3969.717,-0.0021935711549539993,0.7,7.0,6.3
2025-02-25,3925.651,-0.011100539408728682,0.7,7.0,6.3
2025-02-26,3959.941,0.008734856970219695,0.7,7.0,6.3
2025-02-27,3968.116,0.0020644246972367775,0.7,7.0,6.3
2025-02-28,3890.049,-0.019673568010612597,0.7,7.0,6.3
2025-03-03,3888.474,-0.0004048792187449912,-0.2,7.0,7.2
2025-03-04,3885.221,-0.0008365749648834298,-0.2,7.0,7.2
2025-03-05,3902.571,0.004465640435898033,-0.2,7.0,7.2
2025-03-06,3956.237,0.013751447443236753,-0.2,7.0,7.2
2025-03-07,3944.014,-0.0030895520162214085,-0.2,7.0,7.2
2025-03-10,3928.802,-0.0038569842804817567,-0.2,7.0,7.2
2025-03-11,3941.416,0.0032106479277906885,-0.2,7.0,7.2
2025-03-12,3927.232,-0.0035987066577088944,-0.2,7.0,7.2
2025-03-13,3911.579,-0.00398575892638886,-0.2,7.0,7.2
2025-03-14,4006.557,0.024281242945623616,-0.2,7.0,7.2
2025-03-17,3996.788,-0.0024382530936162272,-0.2,7.0,7.2
2025-03-18,4007.723,0.0027359469654131274,-0.2,7.0,7.2
2025-03-19,4010.168,0.000610072103286674,-0.2,7.0,7.2
2025-03-20,3974.992,-0.008771702332670328,-0.2,7.0,7.2
2025-03-21,3914.696,-0.015168835559920657,-0.2,7.0,7.2
2025-03-24,3934.849,0.0051480370378695905,-0.2,7.0,7.2
2025-03-25,3932.295,-0.0006490719211842411,-0.2,7.0,7.2
2025-03-26,3919.357,-0.0032901905884477056,-0.2,7.0,7.2
2025-03-27,3932.412,0.0033309035129995834,-0.2,7.0,7.2
2025-03-28,3915.166,-0.0043856035430671625,-0.2,7.0,7.2
2025-03-31,3887.306,-0.0071159179457525035,-0.2,7.0,7.2
2025-04-01,3887.684,9.723957928708948e-05,-0.4,8.0,8.4
2025-04-02,3884.386,-0.0008483199766237126,-0.4,8.0,8.4
2025-04-03,3861.503,-0.0058910211292080294,-0.4,8.0,8.4
2025-04-07,3589.441,-0.07045494979545541,-0.4,8.0,8.4
2025-04-08,3650.759,0.01708288282214432,-0.4,8.0,8.4
2025-04-09,3686.794,0.009870550206135142,-0.4,8.0,8.4
2025-04-10,3735.115,0.013106509341178185,-0.4,8.0,8.4
2025-04-11,3750.517,0.004123567815180973,-0.4,8.0,8.4
2025-04-14,3759.142,0.002299682950377191,-0.4,8.0,8.4
2025-04-15,3761.235,0.0005567759877120881,-0.4,8.0,8.4
2025-04-16,3772.82,0.00308010533774139,-0.4,8.0,8.4
2025-04-17,3772.222,-0.00015850212838142141,-0.4,8.0,8.4
2025-04-18,3772.523,7.979381913369998e-05,-0.4,8.0,8.4
2025-04-21,3784.881,0.0032757918241981265,-0.4,8.0,8.4
2025-04-22,3783.952,-0.00024545025325750647,-0.4,8.0,8.4
2025-04-23,3786.882,0.0007743227186813861,-0.4,8.0,8.4
2025-04-24,3784.357,-0.0006667754632967426,-0.4,8.0,8.4
2025-04-25,3786.994,0.0006968158659450552,-0.4,8.0,8.4
2025-04-28,3781.619,-0.0014193315331368916,-0.4,8.0,8.4
2025-04-29,3775.077,-0.001729946882538913,-0.4,8.0,8.4
2025-04-30,3770.571,-0.001193618037459987,-0.4,8.0,8.4
2025-05-06,3808.542,0.010070358043914318,0.1,7.9,7.800000000000001
2025-05-07,3831.627,0.0060613746677862235,0.1,7.9,7.800000000000001
2025-05-08,3852.896,0.005550905659658545,0.1,7.9,7.800000000000001
2025-05-09,3846.157,-0.0017490739433403402,0.1,7.9,7.800000000000001
2025-05-12,3890.61,0.011557770522628186,0.1,7.9,7.800000000000001
2025-05-13,3896.258,0.0014517003760334823,0.1,7.9,7.800000000000001
2025-05-14,3943.211,0.012050793350953715,0.1,7.9,7.800000000000001
2025-05-15,3907.199,-0.00913265863784607,0.1,7.9,7.800000000000001
2025-05-16,3889.085,-0.004636057697598672,0.1,7.9,7.800000000000001
2025-05-19,3877.145,-0.0030701308919707238,0.1,7.9,7.800000000000001
2025-05-20,3898.171,0.005423062588580052,0.1,7.9,7.800000000000001
2025-05-21,3916.381,0.004671421546155852,0.1,7.9,7.800000000000001
2025-05-22,3913.865,-0.0006424298350952151,0.1,7.9,7.800000000000001
2025-05-23,3882.274,-0.008071560976170566,0.1,7.9,7.800000000000001
2025-05-26,3860.107,-0.005709797917406112,0.1,7.9,7.800000000000001
2025-05-27,3839.397,-0.005365136251404445,0.1,7.9,7.800000000000001
2025-05-28,3836.237,-0.0008230459105947885,0.1,7.9,7.800000000000001
2025-05-29,3858.7,0.005855477646453888,0.1,7.9,7.800000000000001
2025-05-30,3840.232,-0.004786067846684117,0.1,7.9,7.800000000000001
2025-06-03,3852.013,0.0030677834047525554,-0.2,8.3,8.5
2025-06-04,3868.743,0.004343183680844298,-0.2,8.3,8.5
2025-06-05,3877.556,0.0022780008907286042,-0.2,8.3,8.5
2025-06-06,3873.984,-0.0009211988169868235,-0.2,8.3,8.5
2025-06-09,3885.246,0.0029070847995242843,-0.2,8.3,8.5
2025-06-10,3865.465,-0.005091312107392887,-0.2,8.3,8.5
2025-06-11,3894.625,0.007543723717586381,-0.2,8.3,8.5
2025-06-12,3892.199,-0.0006229097795037442,-0.2,8.3,8.5
2025-06-13,3864.182,-0.007198244488527017,-0.2,8.3,8.5
2025-06-16,3873.795,0.0024877192637406953,-0.2,8.3,8.5
2025-06-17,3870.379,-0.0008818226054811973,-0.2,8.3,8.5
2025-06-18,3874.971,0.001186447115385958,-0.2,8.3,8.5
2025-06-19,3843.091,-0.00822715834518506,-0.2,8.3,8.5
2025-06-20,3846.644,0.0009245162292539355,-0.2,8.3,8.5
2025-06-23,3857.902,0.0029267070204572754,-0.2,8.3,8.5
2025-06-24,3904.034,0.011957794677003308,-0.2,8.3,8.5
2025-06-25,3960.066,0.014352334021681123,-0.2,8.3,8.5
2025-06-26,3946.02,-0.003546910581793239,-0.2,8.3,8.5
2025-06-27,3921.758,-0.006148473651932829,-0.2,8.3,8.5
2025-06-30,3936.079,0.003651678660437474,-0.2,8.3,8.5
2025-07-01,3942.762,0.0016978825882305593,-0.1,8.8,8.9
2025-07-02,3943.685,0.000234099851829761,-0.1,8.8,8.9
2025-07-03,3968.068,0.006182796039744698,-0.1,8.8,8.9
2025-07-04,3982.203,0.0035621869383286597,-0.1,8.8,8.9
2025-07-07,3965.175,-0.0042760251046970454,-0.1,8.8,8.9
2025-07-08,3998.453,0.008392567793350736,-0.1,8.8,8.9
2025-07-09,3991.401,-0.0017636821040537543,-0.1,8.8,8.9
2025-07-10,4010.024,0.0046657802611163035,-0.1,8.8,8.9
2025-07-11,4014.807,0.001192760941081561,-0.1,8.8,8.9
2025-07-14,4017.668,0.0007126120882026132,-0.1,8.8,8.9
2025-07-15,4019.064,0.00034746524600826056,-0.1,8.8,8.9
2025-07-16,4007.202,-0.0029514334680910137,-0.1,8.8,8.9
2025-07-17,4034.491,0.006809988615497753,-0.1,8.8,8.9
2025-07-18,4058.549,0.005963081836097839,-0.1,8.8,8.9
2025-07-21,4085.607,0.006666914702766924,-0.1,8.8,8.9
2025-07-22,4118.958,0.008163046519158446,-0.1,8.8,8.9
2025-07-23,4119.769,0.0001968944572876552,-0.1,8.8,8.9
2025-07-24,4149.037,0.007104281817742697,-0.1,8.8,8.9
2025-07-25,4127.163,-0.005272066747054938,-0.1,8.8,8.9
2025-07-28,4135.824,0.0020985359676852777,-0.1,8.8,8.9
2025-07-29,4152.025,0.003917236323402573,-0.1,8.8,8.9
2025-07-30,4151.238,-0.0001895460648717595,-0.1,8.8,8.9
2025-07-31,4075.591,-0.018222756681259944,-0.1,8.8,8.9
2025-08-01,4054.929,-0.005069694186683571,0.4,8.8,8.4
2025-08-04,4070.702,0.0038898338293962276,0.4,8.8,8.4
2025-08-05,4103.45,0.008044804065735933,0.4,8.8,8.4
2025-08-06,4113.485,0.00244550317415837,0.4,8.8,8.4
2025-08-07,4114.666,0.00028710448682822687,0.4,8.8,8.4
2025-08-08,4104.967,-0.0023571779580652263,0.4,8.8,8.4
2025-08-11,4122.511,0.004273846781228885,0.4,8.8,8.4
2025-08-12,4143.825,0.005170149940169733,0.4,8.8,8.4
2025-08-13,4176.578,0.007904050002111696,0.4,8.8,8.4
2025-08-14,4173.313,-0.0007817404583370102,0.4,8.8,8.4
2025-08-15,4202.353,0.006958500356910591,0.4,8.8,8.4
2025-08-18,4239.413,0.008818868857518591,0.4,8.8,8.4
2025-08-19,4223.374,-0.003783306792709218,0.4,8.8,8.4
2025-08-20,4271.396,0.011370529818102826,0.4,8.8,8.4
2025-08-21,4288.071,0.003903875922532052,0.4,8.8,8.4
2025-08-22,4377.998,0.020971434474848838,0.4,8.8,8.4
2025-08-25,4469.222,0.02083692135080928,0.4,8.8,8.4
2025-08-26,4452.591,-0.003721229332532494,0.4,8.8,8.4
2025-08-27,4386.127,-0.014927039110486429,0.4,8.8,8.4
2025-08-28,4463.782,0.017704685705635104,0.4,8.8,8.4
2025-08-29,4496.759,0.007387681566886517,0.4,8.8,8.4
2025-09-01,4523.711,0.0059936500933228665,0.4,8.8,8.4
2025-09-02,4490.453,-0.007351928538317232,0.4,8.8,8.4
2025-09-03,4459.83,-0.006819579227307471,0.4,8.8,8.4
2025-09-04,4365.209,-0.02121627954428762,0.4,8.8,8.4
2025-09-05,4460.325,0.02178956379866337,0.4,8.8,8.4
2025-09-08,4467.573,0.0016249936944057186,0.4,8.8,8.4
2025-09-09,4436.258,-0.007009398615310913,0.4,8.8,8.4
2025-09-10,4445.365,0.0020528562585855337,0.4,8.8,8.4
2025-09-11,4548.035,0.023095966247990818,0.4,8.8,8.4
2025-09-12,4521.998,-0.0057248899799584585,0.4,8.8,8.4
2025-09-15,4533.056,0.002445379232808076,0.4,8.8,8.4
2025-09-16,4523.337,-0.0021440282229028274,0.4,8.8,8.4
2025-09-17,4551.023,0.0061207024813758615,0.4,8.8,8.4
2025-09-18,4498.109,-0.011626836427765741,0.4,8.8,8.4
2025-09-19,4501.92,0.0008472449200318533,0.4,8.8,8.4
2025-09-22,4522.608,0.004595372641006623,0.4,8.8,8.4
2025-09-23,4519.778,-0.0006257451452790219,0.4,8.8,8.4
2025-09-24,4566.071,0.010242317211154983,0.4,8.8,8.4
2025-09-25,4593.488,0.006004505843207442,0.4,8.8,8.4
2025-09-26,4550.049,-0.009456648194139272,0.4,8.8,8.4
2025-09-29,4620.053,0.015385328817338007,0.4,8.8,8.4
2025-09-30,4640.694,0.004467697664940262,0.4,8.8,8.4
2025-10-09,4709.482,0.014822782971684711,0.4,8.8,8.4
2025-10-10,4616.834,-0.01967265189674794,0.4,8.8,8.4
2025-10-13,4593.979,-0.004950362087958848,0.4,8.8,8.4
2025-10-14,4539.064,-0.01195368981878231,0.4,8.8,8.4
2025-10-15,4606.288,0.014810101818348187,0.4,8.8,8.4
2025-10-16,4618.422,0.002634225215618402,0.4,8.8,8.4
2025-10-17,4514.235,-0.022559003919520593,0.4,8.8,8.4
2025-10-20,4538.22,0.005313192600739702,0.4,8.8,8.4
2025-10-21,4607.872,0.015347867666177573,0.4,8.8,8.4
2025-10-22,4592.57,-0.0033208387732993616,0.4,8.8,8.4
2025-10-23,4606.345,0.0029994099164520893,0.4,8.8,8.4
2025-10-24,4660.684,0.011796554535103088,0.4,8.8,8.4
2025-10-27,4716.019,0.011872720828101535,0.4,8.8,8.4
2025-10-28,4691.973,-0.0050987920108040985,0.4,8.8,8.4
2025-10-29,4747.838,0.011906505003332235,0.4,8.8,8.4
2025-10-30,4709.911,-0.007988267501966129,0.4,8.8,8.4
2025-10-31,4640.668,-0.014701551685371683,0.4,8.8,8.4
2025-11-03,4653.403,0.0027442169963463048,0.4,8.8,8.4
2025-11-04,4618.699,-0.007457768003330201,0.4,8.8,8.4
2025-11-05,4627.257,0.0018529027329989844,0.4,8.8,8.4
2025-11-06,4693.403,0.014294861945208792,0.4,8.8,8.4
2025-11-07,4678.794,-0.0031126668645331534,0.4,8.8,8.4
2025-11-10,4695.051,0.003474613329845333,0.4,8.8,8.4
2025-11-11,4652.166,-0.009134086083410042,0.4,8.8,8.4
2025-11-12,4645.908,-0.001345179858156409,0.4,8.8,8.4
2025-11-13,4702.074,0.012089348303926606,0.4,8.8,8.4
2025-11-14,4628.14,-0.015723699797153157,0.4,8.8,8.4
2025-11-17,4598.053,-0.006500883724347206,0.4,8.8,8.4
2025-11-18,4568.193,-0.006494053026356972,0.4,8.8,8.4
2025-11-19,4588.292,0.004399770324940322,0.4,8.8,8.4
2025-11-20,4564.948,-0.005087731992645672,0.4,8.8,8.4
2025-11-21,4453.608,-0.02439020115891799,0.4,8.8,8.4
2025-11-24,4448.048,-0.0012484259952829646,0.4,8.8,8.4
2025-11-25,4490.405,0.009522604072617957,0.4,8.8,8.4
2025-11-26,4517.626,0.006062036720518638,0.4,8.8,8.4
2025-11-27,4515.403,-0.0004920726062759284,0.4,8.8,8.4
2025-11-28,4526.662,0.0024934651458574653,0.4,8.8,8.4
2025-12-01,4576.486,0.01100678601583227,0.4,8.8,8.4
2025-12-02,4554.335,-0.00484017650223334,0.4,8.8,8.4
2025-12-03,4531.049,-0.005112930866965182,0.4,8.8,8.4
2025-12-04,4546.566,0.0034245932895451414,0.4,8.8,8.4
2025-12-05,4584.537,0.008351577872178773,0.4,8.8,8.4
2025-12-08,4621.755,0.008118158932952202,0.4,8.8,8.4
2025-12-09,4598.223,-0.005091572357253882,0.4,8.8,8.4
2025-12-10,4591.827,-0.0013909721211867732,0.4,8.8,8.4
2025-12-11,4552.185,-0.00863316496897637,0.4,8.8,8.4
2025-12-12,4580.95,0.006318943540299715,0.4,8.8,8.4
2025-12-15,4552.06,-0.00630655213438247,0.4,8.8,8.4
2025-12-16,4497.555,-0.011973699819422423,0.4,8.8,8.4
2025-12-17,4579.875,0.0183032781144421,0.4,8.8,8.4
2025-12-18,4552.793,-0.005913261824831539,0.4,8.8,8.4
2025-12-19,4568.178,0.003379244345174559,0.4,8.8,8.4
2025-12-22,4611.624,0.009510575113316433,0.4,8.8,8.4
2025-12-23,4620.734,0.0019754429242280214,0.4,8.8,8.4
2025-12-24,4634.059,0.002883740981411087,0.4,8.8,8.4
2025-12-25,4642.536,0.0018292818455698523,0.4,8.8,8.4
2025-12-26,4657.24,0.0031672344597866164,0.4,8.8,8.4
2025-12-29,4639.372,-0.003836607089177213,0.4,8.8,8.4
2025-12-30,4651.282,0.002567157796356856,0.4,8.8,8.4
2025-12-31,4629.94,-0.004588412398990327,0.4,8.8,8.4
